student_id,age,sex,field_of_study,year_of_study,employment_status,income_highest_month,income_lowest_month,living_with_parents,financial_support_parents,essential_spending,discretionary_spending,current_savings_balance
429,20,Female,Health Sciences,2,Unemployed,,0.0,Yes,0.0,270,80.0,75
533,22,Female,business,4,Part-time,870.0,440.0,No,650.0,680,170.0,26500
389,20,Female,Business,3,Freelance,2190.0,300.0,Yes,0.0,240,350.0,8100
108,21,Male,STEM,3,Unemployed,0.0,0.0,Yes,0.0,280,50.0,175
424,20,Male,Social Sciences,2,Part-time,1030.0,530.0,No,50.0,580,190.0,1275
421,20,Male,STEM,3,Freelance,1120.0,410.0,Yes,50.0,210,570.0,3100
159,18,Female,Social Sciences,1,Part-time,1190.0,580.0,Yes,40.0,290,350.0,1525
238,19,Female,Business,1,Part-time,1210.0,490.0,No,325.0,800,170.0,3750
1014,19,Male,STEM,1,Part-time,1040.0,580.0,No,250.0,480,420.0,2050
543,19,Male,Social Sciences,1,Full-time,2020.0,2020.0,Yes,140.0,410,1310.0,7725
524,23,Male,Arts & Humanities,4,Part-time,1100.0,560.0,No,550.0,740,420.0,6450
32,18,Female,STEM,1,Full-time,2220.0,1900.0,Yes,60.0,410,870.0,4600
395,19,Male,Social Sciences,2,Full-time,2290.0,,No,725.0,840,1440.0,9650
582,22,Male,Arts & Humanities,4,Unemployed,0.0,0.0,No,750.0,840,80.0,275
912,19,Male,Business,1,Full-time,2610.0,2220.0,No,550.0,1390,890.0,4050
1024,22,Male,Arts & Humanities,4,Part-time,800.0,490.0,No,200.0,1560,50.0,275
310,19,Male,STEM,1,Part-time,,740.0,No,450.0,1150,150.0,4075
985,21,Female,STEM,3,Part-time,1080.0,480.0,No,425.0,1290,40.0,550
588,20,Female,Health Sciences,1,Part-time,1070.0,510.0,No,450.0,600,420.0,3550
245,19,Female,STEM,1,Unemployed,410.0,0.0,No,75.0,1170,90.0,200
800,21,Male,Arts & Humanities,4,Part-time,860.0,690.0,No,250.0,1030,60.0,1600
842,27,Male,STEM,3,Part-time,1140.0,770.0,Yes,0.0,220,340.0,8725
754,20,Female,STEM,2,Full-time,2150.0,2150.0,No,75.0,1140,840.0,6150
707,21,Male,STEM,2,Part-time,910.0,480.0,No,175.0,770,60.0,675
351,21,Male,Business,2,Part-time,1150.0,690.0,No,700.0,1280,240.0,3200
724,20,Male,Arts & Humanities,3,Unemployed,730.0,0.0,Yes,60.0,290,120.0,375
744,20,Male,Business,2,Freelance,2080.0,20.0,No,0.0,900,70.0,2150
97,21,Male,Health Sciences,2,Unemployed,0.0,0.0,Yes,0.0,430,50.0,0
287,19,Male,Arts & Humanities,2,Unemployed,0.0,0.0,Yes,,460,60.0,250
383,20,Male,Health Sciences,3,Full-time,1930.0,1930.0,Yes,60.0,310,1550.0,4375
450,20,Female,Health Sciences,1,Freelance,1860.0,310.0,No,125.0,440,410.0,3600
991,21,Female,STEM,3,Full-time,2570.0,2570.0,Yes,170.0,390,1870.0,9800
531,22,Male,Business,4,Part-time,1120.0,610.0,No,525.0,750,590.0,2475
695,20,Male,Arts & Humanities,1,Unemployed,0.0,0.0,Yes,50.0,190,60.0,400
102,22,Female,Arts & Humanities,3,Freelance,1290.0,250.0,No,150.0,840,70.0,750
262,26,Male,STEM,4,Part-time,1290.0,540.0,Yes,50.0,440,260.0,8675
577,18,Male,Social Sciences,1,Part-time,920.0,410.0,Yes,0.0,290,230.0,1900
110,19,Female,Business,1,Part-time,1290.0,610.0,No,250.0,990,180.0,1100
71,20,Male,Health Sciences,3,Part-time,860.0,440.0,No,775.0,950,260.0,4125
60,20,Male,Health Sciences,2,Freelance,1840.0,320.0,No,200.0,980,190.0,2800
657,19,Male,STEM,2,Part-time,1100.0,740.0,No,200.0,1030,70.0,1600
900,19,Male,Business,1,Unemployed,510.0,0.0,Yes,0.0,360,60.0,75
137,19,Male,Social Sciences,2,Unemployed,640.0,0.0,No,425.0,1030,40.0,275
908,20,Female,Business,2,Full-time,2180.0,2180.0,No,200.0,970,1030.0,6200
830,21,Female,Arts & Humanities,2,Part-time,960.0,670.0,No,575.0,700,390.0,4200
169,19,Female,Social Sciences,1,Unemployed,0.0,0.0,Yes,0.0,170,60.0,100
714,21,Male,Business,2,Unemployed,0.0,0.0,Yes,0.0,350,60.0,25
87,21,Female,STEM,3,Full-time,2760.0,2360.0,No,625.0,1410,1170.0,9175
901,19,Male,Arts & Humanities,1,Part-time,1040.0,540.0,Yes,0.0,280,370.0,1150
757,20,Male,Business,3,Full-time,2660.0,2660.0,Yes,100.0,480,1590.0,13450
902,19,Male,Arts & Humanities,1,Unemployed,0.0,0.0,Yes,140.0,370,70.0,25
360,21,Female,STEM,3,Full-time,2070.0,2070.0,Yes,80.0,220,1230.0,13175
705,19,Male,Business,1,Part-time,1090.0,480.0,Yes,0.0,490,170.0,2850
741,19,Female,Arts & Humanities,2,Part-time,880.0,530.0,No,0.0,890,80.0,200
612,20,Male,Arts & Humanities,3,Freelance,1340.0,320.0,No,0.0,1230,80.0,100
406,22,Female,Business,4,Full-time,2320.0,2320.0,No,600.0,940,710.0,26925
297,20,Male,STEM,3,Freelance,2060.0,330.0,No,275.0,950,280.0,4075
324,20,Female,STEM,1,Unemployed,0.0,0.0,Yes,40.0,250,90.0,150
809,20,Female,Arts & Humanities,2,Full-time,2460.0,2460.0,No,200.0,1050,940.0,4350
11,20,Female,Health Sciences,1,Part-time,1030.0,470.0,No,0.0,910,80.0,150
549,20,Male,Arts & Humanities,2,Unemployed,0.0,0.0,Yes,0.0,300,50.0,150
717,22,Male,Arts & Humanities,4,Freelance,1530.0,150.0,No,450.0,1270,70.0,725
954,27,Female,STEM,4,Part-time,890.0,630.0,No,0.0,1280,100.0,150
140,23,Male,Health Sciences,4,Freelance,1130.0,20.0,Yes,90.0,280,170.0,5725
546,21,Male,Social Sciences,2,Part-time,850.0,600.0,No,0.0,1150,30.0,375
209,19,Male,STEM,1,Full-time,2410.0,2410.0,No,0.0,1060,910.0,6975
845,19,Female,Business,1,Part-time,1250.0,480.0,No,300.0,970,130.0,1175
834,18,Male,Health Sciences,1,Full-time,2390.0,2270.0,No,425.0,470,990.0,8500
291,18,Female,STEM,1,Part-time,1030.0,560.0,No,350.0,1350,30.0,450
77,20,Female,Arts & Humanities,3,Freelance,1170.0,390.0,Yes,100.0,290,460.0,2825
595,23,Male,Business,4,Part-time,1170.0,730.0,No,500.0,940,470.0,1350
627,20,Female,STEM,2,Part-time,1250.0,580.0,Yes,30.0,330,230.0,5375
31,21,Female,STEM,3,Full-time,2600.0,2280.0,No,375.0,820,1640.0,6450
615,22,Female,Arts & Humanities,4,Part-time,950.0,460.0,No,150.0,420,270.0,3525
759,21,Female,Social Sciences,4,Part-time,820.0,490.0,No,175.0,750,40.0,2175
55,21,Male,Business,3,Full-time,2530.0,2530.0,No,225.0,1180,990.0,5100
24,19,Male,Social Sciences,2,Unemployed,0.0,,Yes,80.0,200,90.0,225
526,20,Female,Social Sciences,2,Part-time,1060.0,500.0,No,225.0,1500,50.0,400
469,19,Male,Business,1,Unemployed,520.0,0.0,No,325.0,930,60.0,100
865,19,Female,Arts & Humanities,2,Freelance,1940.0,50.0,Yes,50.0,320,490.0,4025
4,20,Male,Arts & Humanities,3,Full-time,2390.0,2390.0,Yes,170.0,330,1590.0,9800
797,21,Male,Arts & Humanities,4,Full-time,2030.0,2030.0,No,75.0,1070,810.0,7275
1020,19,Male,Business,1,Part-time,1290.0,490.0,Yes,150.0,220,440.0,1600
616,22,Male,Social Sciences,4,Part-time,1050.0,690.0,No,425.0,1270,80.0,1275
410,19,Male,STEM,1,Part-time,1150.0,720.0,Yes,40.0,280,280.0,1675
452,21,Male,Business,2,Unemployed,0.0,0.0,No,750.0,1400,70.0,475
990,21,Female,Business,4,Part-time,1090.0,710.0,Yes,130.0,300,740.0,525
801,21,Female,Business,3,Part-time,1320.0,530.0,No,500.0,1390,70.0,675
412,22,Female,Social Sciences,4,Part-time,1170.0,540.0,No,450.0,1030,160.0,4225
535,28,Female,Health Sciences,3,Part-time,1040.0,600.0,No,675.0,1060,250.0,5675
994,21,Male,Business,3,Full-time,2360.0,2360.0,Yes,40.0,460,1420.0,13300
596,20,Female,Business,2,Unemployed,0.0,0.0,No,275.0,1150,70.0,250
200,22,Male,Health Sciences,3,Unemployed,720.0,0.0,No,225.0,1310,80.0,50
527,20,Male,Social Sciences,2,Freelance,1480.0,250.0,No,250.0,1160,40.0,375
697,20,Female,Arts & Humanities,2,Freelance,1320.0,240.0,Yes,110.0,240,380.0,2175
319,19,Male,Business,1,Unemployed,0.0,0.0,Yes,120.0,460,60.0,100
431,19,Male,STEM,1,Full-time,2430.0,2430.0,No,0.0,930,990.0,3050
619,25,Female,Arts & Humanities,4,Freelance,1840.0,300.0,Yes,30.0,340,610.0,3475
40,19,Female,STEM,2,Full-time,2220.0,2010.0,No,450.0,760,1010.0,9550
579,21,Female,Health Sciences,2,Full-time,2080.0,1840.0,Yes,20.0,390,1320.0,7350
864,20,Female,Arts & Humanities,2,Part-time,1040.0,540.0,No,225.0,820,60.0,3150
676,27,Female,Business,4,Freelance,1730.0,160.0,Yes,0.0,410,560.0,16800
761,19,Male,Business,1,Unemployed,0.0,0.0,Yes,100.0,440,50.0,0
896,18,Female,Social Sciences,1,Freelance,1470.0,330.0,No,0.0,730,60.0,1550
67,19,Male,STEM,1,Part-time,1070.0,790.0,Yes,60.0,250,540.0,825
716,21,Male,Arts & Humanities,4,Part-time,830.0,610.0,No,475.0,1300,60.0,1850
68,28,Female,Business,4,Full-time,2370.0,2370.0,No,375.0,1020,680.0,33450
261,20,Male,Social Sciences,3,Part-time,1090.0,400.0,No,375.0,720,340.0,2575
210,19,Male,Arts & Humanities,1,Full-time,2210.0,2210.0,Yes,160.0,400,1020.0,11625
779,22,Male,Social Sciences,3,Part-time,890.0,540.0,Yes,90.0,330,290.0,4325
362,20,Male,Arts & Humanities,3,Freelance,1050.0,210.0,No,0.0,780,90.0,275
947,18,Male,Health Sciences,1,Part-time,840.0,580.0,Yes,20.0,170,260.0,20125
873,20,Female,Arts & Humanities,3,Part-time,800.0,490.0,No,175.0,970,90.0,550
978,18,Female,Social Sciences,1,Full-time,2130.0,1910.0,No,250.0,1260,470.0,7550
823,20,Male,Social Sciences,2,Part-time,1040.0,540.0,No,50.0,1280,60.0,225
363,20,Male,Social Sciences,2,Part-time,1000.0,440.0,No,400.0,1000,80.0,2450
211,20,Male,Arts & Humanities,2,Part-time,1070.0,660.0,Yes,70.0,350,350.0,3500
639,19,Male,Business,1,Part-time,1030.0,610.0,No,800.0,960,530.0,2825
722,20,Female,Arts & Humanities,1,Part-time,930.0,620.0,No,0.0,830,70.0,975
508,22,Male,Arts & Humanities,4,Part-time,1190.0,470.0,No,550.0,1090,230.0,1675
670,19,Female,Arts & Humanities,2,Part-time,1150.0,600.0,No,0.0,500,210.0,4225
101,20,Male,Business,1,Unemployed,0.0,0.0,Yes,30.0,170,70.0,25
299,21,Female,Social Sciences,3,Part-time,800.0,520.0,No,275.0,740,200.0,1675
89,22,Female,STEM,4,Part-time,1130.0,760.0,Yes,0.0,250,580.0,3000
64,21,Female,Business,2,Part-time,1150.0,510.0,No,775.0,650,510.0,5625
855,19,Male,STEM,1,Part-time,1230.0,700.0,Yes,0.0,340,460.0,2675
799,20,Male,Health Sciences,3,Part-time,1030.0,680.0,No,375.0,1310,100.0,475
922,20,Male,Arts & Humanities,2,Unemployed,0.0,0.0,Yes,20.0,250,30.0,150
257,23,Male,STEM,4,Full-time,2210.0,2210.0,No,400.0,1440,780.0,8175
626,21,Male,Social Sciences,2,Part-time,1140.0,610.0,No,0.0,540,190.0,4250
333,18,Male,STEM,1,Unemployed,890.0,0.0,Yes,60.0,410,40.0,1225
315,22,Female,Social Sciences,4,Full-time,2420.0,2420.0,No,575.0,850,1430.0,16900
3,21,Female,Social Sciences,3,Freelance,1890.0,40.0,No,225.0,1310,100.0,550
802,20,Female,Arts & Humanities,1,Unemployed,0.0,0.0,Yes,0.0,410,70.0,75
276,19,Male,Arts & Humanities,2,Unemployed,0.0,0.0,Yes,0.0,290,40.0,125
399,21,Female,STEM,3,Unemployed,930.0,0.0,Yes,0.0,240,90.0,3050
980,21,Female,Social Sciences,3,Full-time,2000.0,2000.0,No,625.0,1000,1140.0,9550
433,20,Male,STEM,3,Part-time,1270.0,720.0,No,0.0,1250,90.0,125
765,20,Female,Arts & Humanities,1,Part-time,830.0,550.0,Yes,100.0,220,460.0,2000
534,20,Female,Arts & Humanities,2,Unemployed,0.0,0.0,Yes,30.0,210,90.0,75
536,21,Male,STEM,4,Part-time,1270.0,640.0,Yes,170.0,470,390.0,6550
939,20,Female,Health Sciences,1,Unemployed,500.0,0.0,No,175.0,750,90.0,75
974,18,Male,Arts & Humanities,1,Full-time,2210.0,2210.0,No,300.0,1590,620.0,3450
586,18,Male,stem,1,Freelance,1380.0,60.0,No,600.0,870,360.0,19825
185,18,Male,STEM,1,Part-time,940.0,670.0,No,550.0,1210,90.0,1575
550,20,Female,Social Sciences,3,Full-time,2390.0,2030.0,No,100.0,1370,560.0,7425
775,21,Male,STEM,3,Part-time,1060.0,510.0,No,125.0,1150,30.0,25
480,20,Female,Social Sciences,2,Part-time,1130.0,410.0,Yes,50.0,80,360.0,4725
881,19,Male,STEM,1,Part-time,1240.0,670.0,Yes,0.0,340,250.0,3250
962,21,Female,Health Sciences,3,Unemployed,0.0,0.0,Yes,60.0,230,100.0,50
630,19,Female,STEM,1,Unemployed,0.0,0.0,No,550.0,790,90.0,75
219,21,Male,Social Sciences,3,Part-time,1170.0,570.0,No,525.0,1070,250.0,2050
175,21,Male,STEM,3,Full-time,2580.0,2200.0,No,0.0,1010,650.0,10900
878,21,Male,Business,3,Part-time,980.0,600.0,No,450.0,1210,80.0,1175
290,20,Male,STEM,3,Part-time,1320.0,610.0,No,525.0,1080,280.0,13900
107,19,Male,Arts & Humanities,2,Part-time,1040.0,690.0,No,75.0,990,50.0,175
762,20,Male,STEM,2,Freelance,1640.0,320.0,Yes,0.0,290,410.0,3125
56,27,Male,Business,4,Part-time,990.0,670.0,No,650.0,1000,200.0,5300
121,22,Female,Business,4,Freelance,1620.0,160.0,No,300.0,1010,100.0,1975
498,18,Female,STEM,1,Freelance,2010.0,180.0,No,675.0,890,270.0,4675
26,28,Female,Business,3,Full-time,2330.0,2330.0,Yes,70.0,430,1330.0,14525
73,18,Female,STEM,1,Part-time,1250.0,580.0,Yes,0.0,340,350.0,2000
463,27,Male,Business,3,Unemployed,0.0,0.0,Yes,50.0,350,80.0,25
45,20,Female,Business,1,Freelance,1950.0,340.0,No,250.0,1250,110.0,1950
507,21,Female,STEM,4,Full-time,2150.0,2150.0,No,125.0,540,980.0,21250
706,22,Male,Business,4,Freelance,1460.0,200.0,Yes,100.0,380,560.0,2300
311,20,Male,Social Sciences,2,Part-time,840.0,400.0,Yes,0.0,230,150.0,4125
742,19,Male,STEM,2,Freelance,1470.0,310.0,Yes,0.0,260,510.0,2875
334,19,Female,Business,1,Part-time,980.0,630.0,No,600.0,1190,130.0,1525
548,21,Female,Arts & Humanities,3,Full-time,2340.0,2340.0,No,225.0,1360,690.0,8950
928,21,Female,STEM,2,Part-time,1230.0,620.0,Yes,50.0,320,510.0,2125
945,19,Male,STEM,1,Unemployed,820.0,0.0,No,75.0,960,70.0,100
353,22,Male,STEM,3,Part-time,1000.0,580.0,Yes,80.0,210,460.0,5100
669,20,Female,Arts & Humanities,1,Part-time,900.0,510.0,No,375.0,890,180.0,575
199,23,Male,Business,4,Part-time,970.0,550.0,No,375.0,850,120.0,5000
844,22,Female,STEM,4,Unemployed,660.0,0.0,No,250.0,930,50.0,0
968,21,Female,STEM,2,Freelance,2090.0,250.0,No,0.0,1220,50.0,850
300,20,Female,Business,1,Part-time,1250.0,640.0,No,500.0,1060,270.0,16800
973,21,Female,Business,3,Full-time,2420.0,2420.0,No,300.0,1450,960.0,7175
345,19,Female,STEM,2,Full-time,2370.0,2370.0,No,250.0,870,1410.0,5250
313,19,Male,Social Sciences,1,Full-time,2010.0,2010.0,Yes,0.0,440,1490.0,2475
328,21,Male,Health Sciences,3,Freelance,1540.0,80.0,Yes,40.0,340,480.0,1900
61,19,Female,Business,2,Part-time,970.0,570.0,Yes,0.0,280,260.0,3250
322,21,Female,Business,3,Part-time,1090.0,580.0,Yes,0.0,160,410.0,6750
495,20,Male,Social Sciences,2,Part-time,930.0,570.0,No,500.0,690,290.0,3100
93,20,Female,Social Sciences,3,Part-time,820.0,640.0,Yes,40.0,220,360.0,4100
621,20,Male,Arts & Humanities,1,Freelance,1750.0,350.0,Yes,50.0,260,540.0,3475
486,21,Female,STEM,4,Unemployed,0.0,0.0,Yes,80.0,240,100.0,125
441,19,Male,Business,1,Part-time,1100.0,680.0,No,275.0,1070,70.0,1000
214,18,Male,Social Sciences,1,Unemployed,760.0,0.0,No,625.0,1050,60.0,525
193,25,Female,Business,4,Part-time,1220.0,710.0,Yes,160.0,170,920.0,1850
618,19,Female,Social Sciences,1,Part-time,1070.0,560.0,Yes,90.0,330,420.0,2150
295,18,Male,Business,1,Part-time,1190.0,720.0,No,0.0,1330,70.0,175
329,20,Female,STEM,2,Unemployed,930.0,0.0,Yes,50.0,340,170.0,50
335,18,Female,Business,1,Freelance,1140.0,140.0,Yes,70.0,250,370.0,1500
674,21,Male,Arts & Humanities,2,Part-time,1130.0,690.0,No,125.0,830,70.0,1150
454,21,Male,Business,4,Part-time,1040.0,550.0,No,750.0,1080,340.0,4600
352,27,Male,STEM,4,Freelance,1700.0,140.0,Yes,20.0,360,290.0,8850
478,21,Female,Arts & Humanities,2,Unemployed,430.0,0.0,Yes,0.0,290,100.0,125
248,22,Male,Health Sciences,4,Part-time,1150.0,610.0,No,375.0,1150,90.0,1200
111,19,Female,Arts & Humanities,2,Part-time,920.0,440.0,No,375.0,580,,3775
605,18,Female,STEM,1,Freelance,1440.0,110.0,Yes,60.0,270,580.0,850
540,19,Female,Arts & Humanities,1,Part-time,870.0,480.0,No,100.0,1000,70.0,50
372,20,Female,STEM,1,Part-time,1200.0,680.0,Yes,50.0,260,690.0,250
803,20,Female,Social Sciences,3,Freelance,1760.0,390.0,No,525.0,1190,200.0,3300
278,20,Female,Business,3,Unemployed,0.0,0.0,Yes,50.0,230,50.0,0
622,19,Female,Business,1,Part-time,1270.0,480.0,No,250.0,870,160.0,2475
266,21,Male,Business,3,Part-time,1340.0,620.0,Yes,50.0,340,530.0,2625
589,20,Female,Business,1,Unemployed,0.0,,Yes,60.0,270,60.0,125
468,23,Female,Business,4,Freelance,2080.0,270.0,No,775.0,510,910.0,11675
650,21,Female,STEM,2,Unemployed,800.0,0.0,Yes,160.0,420,100.0,225
921,22,Female,Busines,4,Part-time,1110.0,760.0,No,175.0,1070,40.0,550
1013,21,Male,Business,4,Part-time,1050.0,540.0,Yes,0.0,420,230.0,5025
755,19,Male,Social Sciences,1,Unemployed,710.0,0.0,Yes,40.0,290,70.0,875
138,21,Male,Health Sciences,3,Freelance,,150.0,No,800.0,1010,560.0,4150
952,21,Male,Business,3,Freelance,2230.0,100.0,No,0.0,870,,3525
1009,19,Female,STEM,1,Part-time,1110.0,730.0,No,325.0,910,240.0,1975
307,20,Male,Business,2,Unemployed,0.0,0.0,Yes,170.0,310,60.0,75
964,20,Female,Social Sciences,2,Part-time,1160.0,470.0,No,800.0,940,480.0,3875
931,19,Female,Social Sciences,1,Part-time,880.0,530.0,Yes,160.0,280,430.0,2800
831,19,Male,Social Sciences,1,Full-time,2000.0,1720.0,No,0.0,1360,350.0,2100
232,20,Female,Social Sciences,2,Part-time,900.0,540.0,Yes,0.0,390,,1900
815,22,Male,Business,4,Freelance,2130.0,290.0,No,450.0,1210,260.0,4700
216,20,Male,Health Sciences,1,Freelance,1720.0,320.0,Yes,20.0,300,510.0,1075
752,26,Female,Health Sciences,4,Unemployed,0.0,0.0,Yes,160.0,180,50.0,21525
449,20,Female,STEM,2,Full-time,2630.0,2320.0,No,475.0,930,1140.0,11375
785,18,Male,Arts & Humanities,1,Unemployed,510.0,0.0,Yes,0.0,390,70.0,275
768,23,Male,STEM,4,Part-time,,540.0,Yes,30.0,280,410.0,4275
849,19,Female,Business,2,Freelance,1870.0,240.0,No,0.0,1010,70.0,450
382,21,Female,Business,3,Unemployed,0.0,0.0,Yes,150.0,230,30.0,650
79,19,Male,Social Sciences,2,Unemployed,670.0,0.0,Yes,30.0,390,60.0,225
30,19,Female,Business,1,Full-time,2270.0,2270.0,No,650.0,1100,660.0,5700
308,21,Female,Business,2,Unemployed,0.0,0.0,Yes,0.0,320,50.0,25
545,22,Male,Social Sciences,3,Part-time,970.0,520.0,Yes,0.0,340,220.0,2925
50,19,Male,Business,1,Full-time,2330.0,2000.0,Yes,0.0,300,1180.0,8050
668,19,Male,Social Sciences,1,Unemployed,0.0,0.0,Yes,50.0,260,40.0,25
661,20,Male,Business,2,Unemployed,400.0,0.0,No,175.0,990,50.0,75
654,21,Male,Social Sciences,3,Freelance,1920.0,220.0,Yes,0.0,430,470.0,3975
166,22,Male,STEM,4,Full-time,2480.0,2480.0,Yes,40.0,340,1040.0,19825
584,20,Male,Arts & Humanities,2,Unemployed,0.0,0.0,No,,1130,70.0,225
179,22,Male,STEM,4,Part-time,1000.0,560.0,No,100.0,640,160.0,3050
679,21,Male,Business,4,Part-time,1320.0,560.0,No,450.0,1040,150.0,5150
66,20,Male,STEM,2,Unemployed,560.0,0.0,No,775.0,1370,40.0,25
142,18,Female,STEM,1,Part-time,1180.0,430.0,No,325.0,660,290.0,3175
603,19,Female,Social Sciences,1,Part-time,860.0,480.0,No,825.0,1190,220.0,1875
366,19,Male,STEM,2,Unemployed,500.0,0.0,Yes,0.0,370,,150
856,18,Female,Health Sciences,1,Full-time,1960.0,1800.0,Yes,90.0,320,1400.0,3950
437,19,Male,Arts & Humanities,1,Full-time,2370.0,2060.0,Yes,30.0,320,1180.0,9175
343,18,Female,STEM,1,Part-time,1320.0,640.0,No,450.0,1020,190.0,2000
852,22,Female,Health Sciences,3,Part-time,1160.0,640.0,No,75.0,640,220.0,1700
970,20,Male,STEM,2,Full-time,2670.0,2670.0,No,850.0,1090,1440.0,11300
829,21,Male,Arts & Humanities,3,Unemployed,0.0,0.0,Yes,0.0,170,40.0,75
690,18,Female,STEM,1,Freelance,1570.0,210.0,No,500.0,820,410.0,4275
255,19,Female,Business,1,Freelance,2130.0,80.0,Yes,90.0,270,880.0,1875
222,22,Male,Health Sciences,3,Full-time,2210.0,2210.0,No,600.0,940,1360.0,20825
281,22,Male,Social Sciences,4,Part-time,960.0,430.0,Yes,0.0,370,240.0,2000
236,20,Male,Business,3,Unemployed,810.0,0.0,Yes,0.0,250,,1300
337,22,Female,STEM,4,Part-time,860.0,680.0,Yes,0.0,240,340.0,4300
981,20,Female,Social Sciences,2,Unemployed,0.0,0.0,Yes,60.0,300,80.0,125
933,21,Female,Health Sciences,4,Full-time,2250.0,2250.0,No,650.0,1000,1550.0,9575
250,21,Female,Social Sciences,4,Full-time,2290.0,1950.0,No,200.0,1170,,6925
558,19,Male,Social Sciences,1,Unemployed,0.0,0.0,No,300.0,1170,50.0,25
378,19,Female,Arts & Humanities,1,Full-time,2410.0,2410.0,No,400.0,870,1510.0,3425
72,19,Female,Business,1,Unemployed,980.0,0.0,Yes,50.0,280,170.0,1175
95,20,Female,STEM,3,Unemployed,0.0,0.0,Yes,40.0,420,80.0,0
34,21,Female,Business,4,Full-time,2540.0,2200.0,No,0.0,1360,500.0,12450
260,20,Male,Social Sciences,1,Full-time,2480.0,2480.0,Yes,30.0,390,1380.0,6675
205,21,Male,Business,3,Full-time,2120.0,2120.0,No,0.0,1640,280.0,4650
356,20,Female,Social Sciences,3,Part-time,910.0,450.0,Yes,100.0,220,280.0,3500
599,18,Male,Business,1,Full-time,2730.0,2560.0,No,425.0,850,1670.0,6775
686,19,Female,Arts & Humanities,2,Unemployed,510.0,0.0,Yes,0.0,140,80.0,300
78,19,Male,Health Sciences,1,Full-time,1910.0,1910.0,No,125.0,1060,690.0,4525
85,20,Male,STEM,2,Part-time,930.0,500.0,Yes,170.0,410,480.0,650
623,20,Male,Business,2,Unemployed,930.0,0.0,Yes,40.0,230,200.0,375
83,19,Male,Social Sciences,2,Freelance,1610.0,230.0,Yes,50.0,330,380.0,5425
381,19,Male,Business,1,Part-time,940.0,670.0,Yes,0.0,370,270.0,650
604,19,Female,STEM,1,Unemployed,0.0,0.0,No,175.0,1100,60.0,75
858,21,Female,Health Sciences,2,Part-time,820.0,410.0,No,425.0,870,80.0,2050
903,19,Female,Business,1,Unemployed,790.0,0.0,Yes,50.0,400,40.0,1125
532,22,Male,Arts & Humanities,4,Full-time,1980.0,1980.0,No,250.0,1040,530.0,15375
425,18,Female,STEM,1,Freelance,1390.0,340.0,No,0.0,1190,90.0,150
306,23,Female,Arts & Humanities,4,Full-time,2050.0,1920.0,Yes,130.0,390,880.0,20325
6,18,Female,Social Sciences,1,Part-time,860.0,550.0,No,550.0,1030,110.0,2400
443,20,Male,Business,2,Unemployed,0.0,0.0,No,850.0,1150,60.0,125
1012,21,Male,STEM,4,Part-time,1290.0,470.0,No,750.0,1180,400.0,18150
98,20,Male,Business,2,Part-time,1290.0,650.0,No,625.0,1240,170.0,3625
293,22,Male,Health Sciences,4,Part-time,1070.0,450.0,No,500.0,1160,70.0,2500
405,20,Female,Health Sciences,2,Freelance,1510.0,380.0,Yes,140.0,230,460.0,3925
678,21,Male,STEM,2,Part-time,1250.0,690.0,No,0.0,950,60.0,700
897,20,Male,Business,2,Part-time,1210.0,710.0,Yes,30.0,330,560.0,2000
282,20,Female,STEM,2,Freelance,1250.0,300.0,Yes,180.0,330,310.0,5400
267,20,Female,STEM,3,Unemployed,0.0,0.0,Yes,80.0,340,100.0,10125
853,18,Female,Health Sciences,1,Part-time,870.0,490.0,Yes,0.0,400,200.0,800
569,23,Male,Social Sciences,4,Unemployed,960.0,0.0,Yes,60.0,260,140.0,3400
332,21,Female,Health Sciences,3,Part-time,1080.0,450.0,No,475.0,1060,140.0,2725
891,21,Male,Business,3,Freelance,1740.0,140.0,No,0.0,400,320.0,5225
905,19,Female,Health Sciences,2,Unemployed,0.0,0.0,Yes,40.0,340,50.0,250
544,21,Female,Business,3,Part-time,1160.0,450.0,No,200.0,1260,40.0,425
119,27,Female,Social Sciences,4,Full-time,2130.0,2130.0,No,550.0,650,1500.0,12375
936,19,Female,Business,1,Part-time,1000.0,530.0,Yes,0.0,280,260.0,1250
251,20,Female,Health Sciences,2,Part-time,900.0,680.0,No,375.0,1130,70.0,1100
794,21,Male,Arts & Humanities,3,Freelance,1930.0,140.0,No,100.0,750,130.0,5275
791,20,Male,Health Sciences,1,Unemployed,0.0,0.0,No,450.0,1050,60.0,525
10,21,Male,STEM,3,Part-time,990.0,730.0,No,200.0,900,90.0,2125
600,19,Male,Health Sciences,1,Part-time,1120.0,680.0,Yes,30.0,300,450.0,2300
197,21,Female,STEM,3,Freelance,1550.0,270.0,No,475.0,1050,330.0,2300
629,20,Female,Health Sciences,1,Full-time,2220.0,2060.0,No,650.0,1620,730.0,5075
82,22,Male,Health Sciences,3,Part-time,1130.0,470.0,No,150.0,1380,40.0,100
679,21,Male,Business,4,Part-time,1320.0,560.0,No,450.0,1040,150.0,5150
515,18,Male,STEM,1,Part-time,1200.0,500.0,Yes,140.0,250,520.0,1650
645,19,Male,Business,1,Full-time,2430.0,2430.0,Yes,70.0,300,1650.0,7425
240,19,Male,Business,1,Full-time,2270.0,2020.0,No,150.0,1170,730.0,5975
320,19,Female,Arts & Humanities,1,Unemployed,0.0,0.0,No,225.0,1460,60.0,200
212,28,Male,STEM,3,Part-time,1070.0,750.0,No,125.0,870,120.0,1750
807,21,Female,Business,4,Unemployed,0.0,0.0,Yes,90.0,190,90.0,150
496,20,Male,Business,2,Part-time,1310.0,540.0,Yes,50.0,270,630.0,2425
1010,21,Female,Arts & Humanities,2,Part-time,830.0,600.0,No,200.0,740,130.0,1850
228,19,Female,STEM,2,Unemployed,590.0,0.0,Yes,0.0,270,50.0,50
885,21,Male,STEM,3,Part-time,950.0,700.0,No,150.0,1300,60.0,225
458,21,Male,Business,2,Part-time,880.0,620.0,No,150.0,1050,30.0,125
825,19,Female,Business,2,Part-time,1230.0,670.0,Yes,0.0,420,400.0,2275
178,20,Male,Business,2,Unemployed,520.0,0.0,Yes,70.0,320,40.0,775
967,22,Male,Business,3,Freelance,1340.0,100.0,Yes,70.0,260,410.0,1225
430,19,Female,Social Sciences,1,Full-time,1910.0,1910.0,No,750.0,1050,1190.0,5050
955,19,Female,Social Sciences,2,Unemployed,0.0,0.0,Yes,50.0,320,100.0,175
514,25,Male,Business,4,Freelance,1270.0,130.0,No,250.0,1130,90.0,250
347,21,Male,Business,3,Part-time,1130.0,470.0,No,0.0,910,50.0,600
704,18,Female,Arts & Humanities,1,Part-time,1050.0,630.0,Yes,160.0,290,550.0,2725
8,25,Female,Business,4,Part-time,1090.0,720.0,No,175.0,1130,70.0,975
156,19,Male,STEM,1,Part-time,1320.0,780.0,Yes,70.0,320,660.0,1650
665,19,Female,Business,1,Freelance,1430.0,,No,100.0,690,190.0,1875
482,20,Male,STEM,3,Part-time,1130.0,560.0,Yes,100.0,210,540.0,4025
330,19,Male,STEM,1,Freelance,1540.0,20.0,Yes,0.0,280,360.0,1250
519,21,Female,Business,4,Part-time,1350.0,760.0,No,325.0,1310,70.0,625
440,20,Female,Social Sciences,1,Part-time,1030.0,560.0,No,125.0,670,160.0,900
1008,22,Female,STEM,4,Freelance,2110.0,10.0,No,750.0,1000,460.0,6925
590,18,Female,Arts & Humanities,1,Unemployed,570.0,0.0,Yes,70.0,310,60.0,150
996,19,Female,Business,1,Unemployed,0.0,0.0,Yes,100.0,310,90.0,75
602,20,Male,STEM,1,Part-time,1140.0,710.0,No,600.0,960,260.0,2450
966,20,Female,Arts & Humanities,2,Unemployed,0.0,0.0,No,225.0,870,50.0,125
591,18,Male,Business,1,Unemployed,0.0,0.0,Yes,0.0,240,90.0,150
494,19,Male,Health Sciences,1,Freelance,1550.0,20.0,Yes,120.0,320,370.0,2925
552,28,Male,STEM,4,Part-time,1280.0,480.0,No,550.0,1040,200.0,5875
635,19,Female,Arts & Humanities,1,Freelance,1410.0,350.0,Yes,30.0,320,440.0,550
735,20,Female,Health Sciences,2,Part-time,1110.0,640.0,No,75.0,1210,40.0,850
491,19,Female,Health Sciences,2,Unemployed,0.0,0.0,Yes,0.0,160,30.0,75
530,21,Male,STEM,4,Part-time,1050.0,570.0,No,75.0,1340,60.0,325
229,21,Female,STEM,4,Part-time,1270.0,520.0,No,,1540,80.0,450
781,21,Male,Social Sciences,3,Unemployed,500.0,0.0,Yes,50.0,220,60.0,100
756,21,Male,STEM,3,Full-time,2730.0,2730.0,Yes,0.0,360,1540.0,30300
213,20,Female,Health Sciences,3,Full-time,2100.0,2100.0,No,550.0,1250,710.0,11475
80,19,Male,STEM,1,Part-time,1080.0,580.0,No,425.0,1170,80.0,400
149,19,Male,Business,1,Full-time,2320.0,2110.0,No,50.0,1000,940.0,4300
303,19,Female,Health Sciences,2,Part-time,1090.0,660.0,No,650.0,1010,260.0,3125
671,19,Female,Business,1,Unemployed,810.0,0.0,No,275.0,840,80.0,175
358,20,Male,Health Sciences,3,Full-time,2050.0,2050.0,Yes,110.0,410,850.0,12550
529,18,Female,Business,1,Part-time,1200.0,580.0,No,625.0,1060,300.0,1775
502,20,Female,Health Sciences,2,Part-time,970.0,560.0,Yes,130.0,270,500.0,3950
44,23,Male,Business,4,Full-time,2480.0,2480.0,No,500.0,1000,1620.0,8400
371,19,Male,Arts & Humanities,1,Part-time,1010.0,670.0,No,800.0,1250,150.0,3400
134,19,Female,Business,2,Freelance,1450.0,90.0,No,75.0,1100,70.0,175
573,20,Female,STEM,2,Unemployed,0.0,0.0,Yes,130.0,230,50.0,325
312,18,Male,Health Sciences,1,Part-time,860.0,700.0,No,425.0,830,320.0,1450
632,21,Male,Arts & Humanities,4,Unemployed,920.0,0.0,No,600.0,760,280.0,2225
483,20,Female,Health Sciences,2,Freelance,1520.0,150.0,Yes,50.0,330,320.0,3175
817,20,Female,Arts & Humanities,3,Full-time,1980.0,1790.0,Yes,40.0,350,1180.0,8950
1,21,Male,Arts & Humanities,2,Part-time,820.0,420.0,No,350.0,770,150.0,775
689,22,Female,STEM,3,Full-time,2370.0,2140.0,No,675.0,1070,1050.0,10725
317,20,Female,STEM,2,Freelance,1480.0,120.0,No,225.0,860,80.0,50
846,20,Female,Arts & Humanities,2,Part-time,910.0,560.0,No,850.0,1340,140.0,3125
894,20,Female,Social Sciences,2,Freelance,1030.0,330.0,Yes,40.0,250,290.0,3300
811,21,Male,Social Sciences,4,Full-time,2200.0,2200.0,No,0.0,1090,560.0,17300
854,22,Female,Arts & Humanities,4,Full-time,2330.0,2330.0,No,375.0,1210,500.0,21575
965,20,Female,Business,2,Unemployed,430.0,0.0,Yes,0.0,400,80.0,125
409,22,Male,Health Sciences,4,Unemployed,930.0,0.0,No,650.0,1030,50.0,1525
173,19,Female,Business,2,Full-time,2730.0,2340.0,Yes,160.0,390,1430.0,8975
126,20,Female,Arts & Humanities,2,Part-time,1060.0,490.0,No,450.0,1340,70.0,100
434,20,Male,Social Sciences,1,Freelance,1610.0,250.0,No,0.0,1110,90.0,125
866,20,Male,Business,2,Unemployed,420.0,0.0,Yes,0.0,200,70.0,125
598,19,Female,Health Sciences,1,Part-time,1020.0,560.0,No,425.0,950,140.0,2475
948,21,Female,Social Sciences,4,Full-time,1960.0,1670.0,Yes,40.0,610,590.0,13275
91,18,Male,Health Sciences,1,Unemployed,660.0,0.0,No,500.0,970,50.0,100
971,21,Female,Arts & Humanities,3,Freelance,1420.0,140.0,No,225.0,1170,50.0,800
182,20,Male,Health Sciences,1,Unemployed,0.0,0.0,No,450.0,1400,60.0,225
364,19,Male,Arts & Humanities,2,Unemployed,470.0,0.0,Yes,30.0,280,100.0,150
275,21,Male,STEM,2,Unemployed,0.0,0.0,Yes,70.0,350,70.0,75
924,21,Male,STEM,3,Full-time,2590.0,2590.0,Yes,0.0,380,1660.0,13050
70,25,Female,STEM,4,Part-time,910.0,740.0,No,300.0,630,240.0,6150
292,18,Female,Business,1,Full-time,2220.0,1910.0,Yes,0.0,390,1030.0,8450
132,20,Male,Business,1,Full-time,2530.0,2530.0,No,475.0,1030,1150.0,5100
301,19,Male,Business,1,Part-time,1040.0,610.0,No,475.0,570,420.0,1925
487,19,Male,Arts & Humanities,1,Part-time,1130.0,540.0,No,175.0,980,50.0,925
327,20,Male,Health Sciences,2,Part-time,950.0,530.0,No,0.0,920,80.0,225
145,19,Male,STEM,2,Part-time,1290.0,510.0,No,0.0,680,120.0,875
465,22,Female,Social Sciences,4,Part-time,1100.0,590.0,Yes,0.0,460,240.0,3825
606,20,Male,Business,2,Freelance,1850.0,160.0,Yes,50.0,290,430.0,2700
666,20,Female,Arts & Humanities,1,Unemployed,0.0,0.0,Yes,110.0,270,80.0,200
136,21,Female,Business,2,Full-time,2420.0,2420.0,Yes,0.0,400,1770.0,3900
448,21,Male,Business,3,Part-time,1010.0,590.0,Yes,170.0,330,540.0,2350
165,19,Female,Business,1,Part-time,1090.0,590.0,No,725.0,1070,250.0,4175
29,21,Male,Business,3,Freelance,1780.0,390.0,Yes,40.0,290,380.0,8125
585,21,Male,Arts & Humanities,3,Full-time,2280.0,1950.0,Yes,0.0,520,1590.0,4050
194,26,Male,Arts & Humanities,3,Freelance,1550.0,70.0,No,725.0,850,500.0,5875
426,20,Female,Health Sciences,2,Part-time,1080.0,620.0,Yes,150.0,310,530.0,350
663,22,Female,STEM,3,Part-time,950.0,550.0,Yes,40.0,450,320.0,200
571,20,Female,Business,2,Full-time,2380.0,2380.0,No,350.0,1280,1100.0,7750
170,20,Female,Arts & Humanities,3,Freelance,1870.0,130.0,No,475.0,670,620.0,2975
523,22,Female,Business,4,Part-time,1320.0,530.0,No,400.0,1500,50.0,125
141,21,Male,Business,4,Unemployed,490.0,0.0,Yes,0.0,300,50.0,125
174,19,Male,Arts & Humanities,1,Part-time,880.0,630.0,No,425.0,920,150.0,1650
7,18,Female,Social Sciences,1,Unemployed,0.0,0.0,No,825.0,750,60.0,700
667,18,Female,Social Sciences,1,Full-time,1990.0,1990.0,No,,790,1240.0,4800
517,20,Female,STEM,2,Part-time,1090.0,550.0,No,550.0,1080,230.0,2375
892,21,Female,Arts & Humanities,4,Full-time,2450.0,2220.0,No,500.0,1230,890.0,21475
74,21,Female,STEM,4,Full-time,2210.0,2210.0,No,500.0,1090,770.0,19550
760,28,Male,STEM,3,Full-time,2170.0,2170.0,No,475.0,960,640.0,19025
957,20,Male,Health Sciences,2,Unemployed,0.0,0.0,Yes,90.0,230,60.0,50
239,21,Female,Arts & Humanities,3,Part-time,1080.0,530.0,No,325.0,900,130.0,3475
146,19,Male,Social Sciences,1,Part-time,840.0,670.0,No,575.0,1290,70.0,675
820,20,Male,STEM,2,Full-time,2170.0,1900.0,No,225.0,820,740.0,9950
235,19,Female,Social Sciences,1,Freelance,1650.0,170.0,No,150.0,710,200.0,2525
221,21,Male,Health Sciences,3,Part-time,800.0,470.0,Yes,110.0,240,400.0,2375
1023,22,Male,Arts & Humanities,4,Part-time,860.0,560.0,No,200.0,750,70.0,3850
685,22,Male,Social Sciences,4,Part-time,1000.0,410.0,Yes,0.0,340,250.0,3650
133,18,Male,Social Sciences,1,Unemployed,0.0,0.0,Yes,40.0,190,60.0,150
475,19,Female,Health Sciences,2,Part-time,1050.0,500.0,No,500.0,1170,100.0,1350
451,22,Female,Social Sciences,3,Freelance,1930.0,100.0,Yes,50.0,290,360.0,6250
763,19,Male,Arts & Humanities,1,Part-time,960.0,450.0,Yes,180.0,140,580.0,2475
423,18,Female,Social Sciences,1,Full-time,2120.0,2120.0,No,325.0,1000,970.0,4000
186,20,Male,Business,3,Unemployed,660.0,0.0,Yes,30.0,330,40.0,50
42,20,Female,STEM,2,Unemployed,0.0,0.0,No,300.0,1200,100.0,50
636,19,Female,Arts & Humanities,2,Part-time,920.0,400.0,Yes,180.0,200,340.0,3700
109,18,Female,Arts & Humanities,1,Freelance,1680.0,30.0,No,75.0,1040,40.0,325
614,19,Female,STEM,1,Unemployed,0.0,0.0,Yes,20.0,330,40.0,75
57,18,Male,STEM,1,Part-time,1120.0,660.0,No,350.0,780,250.0,2525
446,22,Female,STEM,4,Part-time,1170.0,660.0,No,475.0,780,340.0,9725
484,20,Female,STEM,3,Full-time,2180.0,1940.0,No,200.0,860,880.0,10125
698,21,Male,Arts & Humanities,3,Part-time,1180.0,600.0,Yes,40.0,280,470.0,3250
889,20,Male,Arts & Humanities,1,Part-time,1130.0,690.0,Yes,30.0,290,460.0,2525
436,22,Male,Arts & Humanities,3,Part-time,1190.0,620.0,Yes,40.0,280,500.0,3300
25,19,Male,Social Sciences,2,Unemployed,0.0,0.0,Yes,30.0,330,60.0,425
1021,22,Male,STEM,3,Full-time,2290.0,2290.0,Yes,40.0,260,740.0,19925
732,21,Male,Social Sciences,4,Part-time,900.0,520.0,No,250.0,1030,40.0,975
553,21,Female,Arts & Humanities,2,Part-time,1100.0,690.0,Yes,0.0,390,490.0,1775
644,20,Female,Arts & Humanities,2,Unemployed,0.0,0.0,No,200.0,1200,40.0,0
721,21,Male,Arts & Humanities,4,Unemployed,0.0,0.0,Yes,100.0,160,40.0,475
984,18,Male,Arts & Humanities,1,Freelance,1760.0,80.0,No,100.0,860,80.0,2725
339,21,Female,Business,2,Part-time,1030.0,470.0,Yes,40.0,430,240.0,1975
52,20,Female,Business,3,Part-time,1240.0,600.0,Yes,160.0,380,460.0,4575
384,22,Female,Business,4,Unemployed,0.0,0.0,Yes,110.0,420,40.0,175
537,22,Female,Business,4,Unemployed,0.0,0.0,No,575.0,790,80.0,200
950,22,Male,Social Sciences,3,Part-time,830.0,650.0,Yes,0.0,230,290.0,4625
658,21,Female,Health Sciences,2,Unemployed,0.0,0.0,Yes,50.0,340,60.0,75
265,21,Male,Business,4,Freelance,1480.0,110.0,Yes,0.0,200,620.0,900
559,21,Male,Business,3,Full-time,2810.0,2810.0,Yes,50.0,310,1910.0,8825
738,22,Female,STEM,4,Part-time,960.0,790.0,No,0.0,1100,30.0,500
709,19,Male,Arts & Humanities,1,Freelance,1950.0,50.0,Yes,0.0,270,640.0,1225
445,21,Male,Arts & Humanities,4,Unemployed,500.0,0.0,No,425.0,1340,70.0,25
396,21,Female,Social Sciences,4,Part-time,940.0,570.0,No,125.0,1090,90.0,75
539,19,Female,STEM,2,Part-time,1290.0,750.0,Yes,60.0,390,570.0,1975
824,20,Male,Social Sciences,2,Part-time,950.0,510.0,No,0.0,1010,80.0,175
19,19,Female,Business,2,Part-time,900.0,560.0,Yes,30.0,270,340.0,3150
850,20,Male,STEM,3,Part-time,1120.0,560.0,No,0.0,960,30.0,375
520,19,Male,Business,1,Freelance,1670.0,300.0,Yes,0.0,380,220.0,3550
592,21,Male,Arts & Humanities,3,Part-time,810.0,420.0,Yes,100.0,350,280.0,1200
528,19,Male,STEM,1,Part-time,960.0,750.0,Yes,40.0,240,460.0,2625
368,22,Male,STEM,4,Part-time,1000.0,500.0,No,525.0,1250,50.0,950
84,20,Male,Social Sciences,1,Full-time,2120.0,2120.0,No,500.0,1390,950.0,21200
62,19,Male,Arts & Humanities,1,Part-time,1130.0,470.0,No,150.0,830,80.0,2525
479,22,Male,STEM,4,Freelance,1160.0,40.0,No,350.0,1120,50.0,175
273,22,Male,STEM,4,Full-time,2620.0,2620.0,No,600.0,810,1150.0,22850
286,19,Male,Health Sciences,1,Unemployed,940.0,0.0,Yes,50.0,200,210.0,125
361,20,Male,Business,2,Part-time,1070.0,590.0,No,0.0,1190,60.0,275
355,20,Male,Arts & Humanities,1,Part-time,890.0,510.0,No,450.0,1160,60.0,525
500,22,Female,Business,4,Unemployed,700.0,0.0,Yes,0.0,480,70.0,19425
279,20,Female,Business,3,Part-time,1070.0,620.0,Yes,0.0,320,260.0,6700
13,22,Female,Business,4,Part-time,1260.0,460.0,No,275.0,880,140.0,2225
183,22,Male,Business,4,Part-time,1000.0,720.0,No,250.0,1100,50.0,900
369,18,Female,Health Sciences,1,Part-time,1000.0,410.0,Yes,80.0,240,360.0,2700
750,21,Male,Arts & Humanities,3,Full-time,2200.0,2200.0,No,375.0,1120,740.0,10800
874,21,Female,Business,2,Full-time,2320.0,,No,750.0,1140,1150.0,9925
224,20,Female,Social Sciences,2,Full-time,2170.0,2170.0,Yes,30.0,270,1720.0,4400
597,21,Female,Arts & Humanities,3,Part-time,890.0,550.0,No,750.0,1000,270.0,5375
870,22,Female,Business,4,Freelance,1530.0,420.0,No,0.0,450,330.0,4350
937,18,Male,Business,1,Full-time,2260.0,2110.0,Yes,40.0,470,1390.0,5400
568,19,Male,Social Sciences,2,Part-time,1090.0,540.0,No,500.0,1020,190.0,2575
466,21,Male,Social Sciences,2,Part-time,1050.0,570.0,No,400.0,940,120.0,1175
915,20,Male,Arts & Humanities,2,Part-time,920.0,570.0,No,450.0,700,320.0,3225
634,20,Male,Health Sciences,2,Unemployed,0.0,0.0,No,200.0,760,100.0,50
177,28,Female,Business,3,Part-time,1170.0,500.0,Yes,60.0,50,450.0,12275
789,21,Male,STEM,2,Part-time,970.0,620.0,No,475.0,600,310.0,5825
653,21,Male,Health Sciences,3,Part-time,1010.0,560.0,Yes,50.0,230,480.0,3375
723,19,Female,Business,1,Full-time,2170.0,2170.0,No,725.0,820,1340.0,10550
457,20,Male,Arts & Humanities,1,Freelance,1260.0,210.0,No,675.0,1350,70.0,650
542,20,Female,Business,3,Part-time,870.0,510.0,No,425.0,1140,50.0,875
394,21,Female,Social Sciences,3,Part-time,1140.0,500.0,No,600.0,1210,130.0,1700
164,21,Female,Business,2,Part-time,1050.0,480.0,No,275.0,860,110.0,2125
249,21,Male,Arts & Humanities,4,Freelance,1090.0,260.0,Yes,160.0,420,300.0,1925
868,19,Female,Arts & Humanities,1,Unemployed,0.0,0.0,Yes,60.0,300,100.0,175
914,21,Male,Social Sciences,2,Part-time,940.0,670.0,No,575.0,1030,230.0,2250
696,20,Male,Business,3,Part-time,1140.0,580.0,No,500.0,1440,80.0,900
376,19,Female,STEM,2,Part-time,1020.0,720.0,Yes,70.0,310,600.0,2225
413,28,Male,STEM,4,Unemployed,810.0,0.0,Yes,0.0,230,140.0,1225
75,22,Female,Health Sciences,3,Part-time,1020.0,590.0,No,0.0,930,70.0,150
910,20,Female,Business,2,Unemployed,0.0,0.0,No,850.0,720,80.0,1825
114,25,Male,Business,4,Part-time,1060.0,540.0,No,0.0,1250,60.0,275
501,21,Female,Business,3,Full-time,2080.0,1930.0,Yes,90.0,280,910.0,12275
594,19,Male,Business,2,Part-time,940.0,730.0,No,150.0,1010,90.0,600
583,21,Male,Arts & Humanities,2,Unemployed,0.0,0.0,Yes,0.0,260,80.0,175
391,21,Male,Health Sciences,4,Full-time,2360.0,2360.0,Yes,140.0,500,1320.0,13050
105,21,Female,Arts & Humanities,4,Part-time,850.0,680.0,No,450.0,880,150.0,4800
115,21,Female,Business,3,Part-time,1250.0,480.0,No,0.0,790,40.0,1425
418,20,Male,Arts & Humanities,2,Part-time,1050.0,400.0,No,750.0,1310,110.0,2475
90,21,Female,STEM,2,Part-time,1280.0,470.0,No,350.0,1320,30.0,325
951,22,Female,Health Sciences,3,Full-time,2200.0,2000.0,No,825.0,680,1550.0,10850
895,28,Male,Arts & Humanities,3,Freelance,1450.0,130.0,No,225.0,500,370.0,2450
631,21,Male,Arts & Humanities,3,Part-time,1110.0,460.0,No,650.0,1480,90.0,725
637,20,Male,Social Sciences,2,Part-time,920.0,570.0,Yes,50.0,300,390.0,2225
12,22,Male,Social Sciences,4,Part-time,910.0,640.0,No,675.0,860,470.0,4175
397,21,Female,Arts & Humanities,4,Full-time,2110.0,2110.0,No,250.0,670,960.0,16100
555,22,Male,STEM,4,Part-time,1140.0,590.0,Yes,80.0,270,430.0,3275
43,18,Female,STEM,1,Part-time,1220.0,520.0,No,650.0,1340,100.0,2400
168,18,Female,Arts & Humanities,1,Full-time,1920.0,1920.0,No,250.0,920,1010.0,4375
417,20,Male,STEM,2,Part-time,1240.0,720.0,Yes,80.0,320,520.0,4225
784,20,Female,Arts & Humanities,2,Part-time,1190.0,650.0,No,800.0,1100,490.0,3500
427,19,Female,STEM,2,Full-time,2340.0,2340.0,No,600.0,1290,1080.0,7525
911,25,Male,Arts & Humanities,3,Freelance,1150.0,360.0,No,175.0,1190,60.0,225
995,20,Male,Health Sciences,2,Unemployed,0.0,0.0,No,250.0,1010,80.0,50
733,28,Male,Health Sciences,3,Full-time,1910.0,1660.0,No,0.0,1840,40.0,675
766,20,Male,Social Sciences,3,Part-time,930.0,550.0,No,450.0,830,240.0,3325
258,25,Male,STEM,3,Unemployed,0.0,0.0,Yes,0.0,310,90.0,25
336,19,Female,STEM,1,Part-time,1150.0,,No,0.0,750,60.0,2400
16,19,Female,Social Sciences,1,Freelance,1410.0,210.0,Yes,50.0,430,290.0,1875
972,22,Female,Social Sciences,4,Unemployed,0.0,0.0,Yes,120.0,210,60.0,100
325,22,Female,Arts & Humanities,4,Part-time,890.0,460.0,Yes,0.0,280,230.0,4075
786,25,Female,STEM,4,Part-time,910.0,660.0,No,0.0,940,50.0,150
223,20,Male,Arts & Humanities,1,Full-time,2170.0,1920.0,Yes,0.0,160,670.0,9800
180,19,Female,Business,1,Unemployed,0.0,0.0,No,150.0,950,40.0,125
1018,21,Female,Arts & Humanities,3,Part-time,970.0,520.0,No,0.0,980,90.0,250
522,20,Female,Arts & Humanities,2,Part-time,970.0,580.0,No,625.0,1220,100.0,2300
23,19,Male,Health Sciences,2,Full-time,2360.0,2360.0,No,250.0,920,1040.0,12300
357,19,Male,Arts & Humanities,1,Unemployed,0.0,0.0,Yes,0.0,280,90.0,75
693,19,Male,STEM,2,Full-time,2450.0,2450.0,No,450.0,1210,1080.0,6750
890,19,Female,Business,1,Unemployed,0.0,0.0,Yes,0.0,330,90.0,100
341,21,Male,Health Sciences,2,Part-time,1060.0,480.0,Yes,130.0,260,510.0,2025
432,20,Male,Health Sciences,3,Full-time,2470.0,2470.0,No,775.0,770,1520.0,16500
828,19,Female,STEM,2,Unemployed,0.0,0.0,Yes,0.0,370,30.0,250
862,21,Male,STEM,2,Freelance,1100.0,140.0,No,450.0,1110,70.0,625
204,23,Female,STEM,4,Full-time,2440.0,2230.0,No,150.0,1010,900.0,9300
656,19,Male,Business,1,Freelance,2030.0,130.0,No,475.0,1070,230.0,2050
94,20,Female,STEM,3,Part-time,980.0,610.0,No,450.0,1300,40.0,1875
581,19,Male,Arts & Humanities,2,Freelance,1770.0,50.0,No,500.0,1420,70.0,600
69,19,Female,STEM,1,Full-time,2430.0,2430.0,No,125.0,1300,860.0,6325
899,19,Female,Business,1,Unemployed,0.0,0.0,Yes,140.0,240,80.0,25
285,22,Female,Social Sciences,3,Full-time,2260.0,2100.0,No,425.0,1330,960.0,8075
833,20,Female,STEM,1,Unemployed,840.0,0.0,Yes,90.0,420,80.0,925
435,20,Female,Business,1,Full-time,2540.0,2540.0,No,0.0,1290,800.0,3725
154,19,Female,Health Sciences,2,Freelance,1330.0,270.0,No,475.0,710,410.0,2900
76,20,Female,Arts & Humanities,3,Part-time,900.0,680.0,No,350.0,1180,50.0,1025
758,20,Male,Arts & Humanities,2,Unemployed,560.0,0.0,Yes,20.0,380,40.0,125
447,22,Female,Business,4,Unemployed,940.0,0.0,Yes,40.0,210,200.0,2050
189,20,Male,STEM,2,Unemployed,0.0,0.0,No,125.0,720,80.0,25
272,22,Female,Arts & Humanities,4,Part-time,1160.0,410.0,No,0.0,1220,70.0,250
237,20,Male,Business,2,Part-time,1270.0,480.0,No,475.0,650,370.0,4675
488,20,Female,Business,2,Full-time,2200.0,2040.0,No,575.0,990,870.0,7425
560,20,Female,Social Sciences,3,Part-time,960.0,410.0,No,0.0,500,160.0,575
118,19,Female,Social Sciences,1,Freelance,1180.0,280.0,No,350.0,960,120.0,900
847,19,Male,Social Sciences,1,Part-time,910.0,460.0,Yes,0.0,260,280.0,2325
513,21,Female,Business,4,Full-time,2440.0,2160.0,Yes,0.0,180,1480.0,14250
576,22,Male,Business,4,Part-time,1080.0,510.0,Yes,30.0,280,390.0,21000
617,18,Female,Social Sciences ,1,Unemployed,680.0,0.0,No,175.0,1020,30.0,150
127,22,Female,Health Sciences,4,Freelance,1240.0,290.0,Yes,40.0,390,310.0,3100
117,23,Male,STEM,4,Unemployed,0.0,0.0,Yes,110.0,350,50.0,300
474,21,Male,Business,4,Full-time,,2570.0,No,175.0,580,890.0,25875
920,18,Male,Business,1,Unemployed,0.0,0.0,No,100.0,990,100.0,25
58,19,Female,STEM,1,Unemployed,0.0,0.0,Yes,30.0,460,100.0,50
701,19,Male,Social Sciences,2,Full-time,2490.0,2140.0,No,150.0,1130,660.0,9800
941,19,Female,Arts & Humanities,1,Unemployed,0.0,,Yes,40.0,310,40.0,75
370,20,Female,Health Sciences,1,Unemployed,0.0,0.0,Yes,0.0,460,40.0,50
269,20,Female,Health Sciences,2,Full-time,2160.0,2160.0,Yes,140.0,340,1490.0,7250
47,21,Female,STEM,2,Unemployed,0.0,0.0,Yes,150.0,380,40.0,75
350,21,Male,Arts & Humanities,3,Freelance,1430.0,360.0,Yes,0.0,420,450.0,1150
196,21,Male,Social Sciences,2,Freelance,1750.0,320.0,No,675.0,1080,350.0,3400
103,19,Female,Arts & Humanities,2,Freelance,1120.0,260.0,No,550.0,1190,40.0,22475
930,18,Female,Business,1,Full-time,2320.0,2030.0,Yes,0.0,440,1630.0,2125
718,23,Female,Business,4,Freelance,1760.0,390.0,No,0.0,910,100.0,1150
913,25,Female,STEM,3,Full-time,2790.0,2550.0,Yes,0.0,460,1280.0,24975
264,20,Female,STEM,2,Unemployed,0.0,0.0,Yes,0.0,280,60.0,350
444,19,Male,STEM,2,Full-time,2110.0,1870.0,Yes,40.0,380,930.0,9600
923,23,Female,Arts & Humanities,4,Freelance,1520.0,190.0,No,225.0,1270,40.0,75
305,20,Male,Arts & Humanities,3,Unemployed,0.0,0.0,Yes,0.0,230,80.0,25
342,19,Male,Health Sciences,2,Unemployed,710.0,0.0,Yes,40.0,300,40.0,1225
719,18,Female,Business,1,Freelance,2010.0,180.0,No,175.0,1180,70.0,825
1001,19,Female,Arts & Humanities,1,Part-time,930.0,650.0,No,50.0,970,60.0,175
150,19,Male,Business,1,Part-time,1080.0,650.0,No,800.0,1090,390.0,2475
125,20,Female,Business,1,Part-time,1120.0,550.0,No,675.0,720,470.0,3125
814,21,Male,Health Sciences,4,Unemployed,0.0,0.0,No,,1170,90.0,0
851,19,Male,Business,1,Part-time,940.0,690.0,No,825.0,1570,50.0,1725
51,21,Male,Health Sciences,4,Freelance,1720.0,270.0,No,0.0,540,290.0,2525
354,18,Female,Business,1,Part-time,1240.0,590.0,No,625.0,920,,1025
959,19,Female,Health Sciences,1,Unemployed,0.0,,No,175.0,960,80.0,100
143,21,Male,STEM,2,Part-time,1050.0,610.0,No,375.0,880,190.0,3500
471,18,Female,STEM,1,Unemployed,710.0,0.0,Yes,0.0,340,50.0,175
400,21,Female,Health Sciences,3,Unemployed,790.0,0.0,Yes,130.0,330,170.0,75
651,18,Male,Business,1,Part-time,950.0,610.0,No,50.0,1210,30.0,350
321,20,Male,STEM,2,Part-time,1100.0,550.0,Yes,130.0,280,450.0,3025
20,19,Male,STEM,2,Part-time,1210.0,510.0,No,450.0,740,230.0,6225
838,19,Male,Business,2,Part-time,1160.0,760.0,Yes,160.0,270,530.0,3300
818,19,Male,Health Sciences,2,Part-time,1120.0,620.0,Yes,160.0,310,430.0,5925
837,23,Male,Social Sciences,4,Unemployed,0.0,0.0,No,325.0,1150,30.0,100
408,19,Female,Arts & Humanities,1,Part-time,1030.0,660.0,No,0.0,1500,60.0,125
538,18,Female,Health Sciences,1,Unemployed,0.0,0.0,Yes,50.0,280,60.0,50
827,20,Female,Business,2,Part-time,1120.0,630.0,No,0.0,890,60.0,450
39,21,Male,STEM,3,Full-time,2270.0,2150.0,No,450.0,1550,800.0,7925
176,18,Female,Health Sciences,1,Part-time,1130.0,640.0,Yes,40.0,350,460.0,2175
246,22,Male,Arts & Humanities,4,Unemployed,570.0,0.0,No,175.0,840,60.0,75
904,22,Male,Social Sciences,3,Full-time,2360.0,2210.0,No,750.0,1120,1170.0,10750
694,18,Male,Business,1,Part-time,1180.0,510.0,No,650.0,730,310.0,5100
782,19,Female,Business,2,Part-time,1240.0,600.0,No,550.0,1290,140.0,1450
887,21,Female,Health Sciences,3,Part-time,1180.0,420.0,No,625.0,790,330.0,5500
155,22,Female,Business,4,Freelance,1700.0,390.0,No,850.0,630,850.0,8525
288,20,Female,Arts & Humanities,2,Part-time,1150.0,550.0,No,725.0,1080,190.0,4625
953,19,Male,STEM,1,Part-time,1090.0,460.0,No,200.0,1050,50.0,150
570,19,Male,STEM,2,Unemployed,0.0,0.0,Yes,0.0,230,50.0,100
771,18,Female,Social Sciences,1,Freelance,1850.0,170.0,No,100.0,1150,50.0,725
18,21,Male,Health Sciences,2,Unemployed,0.0,0.0,Yes,0.0,240,100.0,125
128,22,Male,Health Sciences,4,Full-time,1920.0,1920.0,No,675.0,770,1060.0,12050
323,21,Female,Arts & Humanities,3,Freelance,1440.0,40.0,No,575.0,410,410.0,7675
256,20,Female,Arts & Humanities,2,Part-time,1190.0,700.0,Yes,60.0,370,330.0,3300
683,19,Male,Arts & Humanities,1,Part-time,870.0,430.0,Yes,160.0,360,390.0,1525
999,22,Female,Arts & Humanities,4,Full-time,2420.0,2420.0,No,675.0,1000,1290.0,36525
191,18,Female,Business,1,Full-time,2440.0,2190.0,No,525.0,710,1580.0,7800
116,23,Female,Health Sciences,4,Unemployed,0.0,0.0,Yes,90.0,320,40.0,50
888,19,Male,Business,1,Full-time,2200.0,2200.0,No,450.0,750,880.0,6375
607,18,Male,Business,1,Part-time,930.0,710.0,No,275.0,960,70.0,1425
181,20,Female,Business,2,Part-time,1000.0,450.0,No,825.0,920,300.0,5075
302,19,Female,Arts & Humanities,2,Part-time,1060.0,530.0,No,350.0,1260,70.0,125
787,28,Male,STEM,3,Unemployed,0.0,0.0,Yes,20.0,190,60.0,25
740,20,Female,Health Sciences,2,Full-time,2310.0,2130.0,No,275.0,1090,500.0,15550
751,18,Male,STEM,1,Part-time,1010.0,640.0,No,325.0,880,140.0,3100
712,21,Female,Business,3,Part-time,1260.0,480.0,No,550.0,900,360.0,3550
688,19,Male,STEM,1,Part-time,1070.0,760.0,No,0.0,1030,50.0,125
518,21,Female,Arts & Humanities,4,Part-time,990.0,580.0,No,400.0,690,260.0,5175
1019,22,Female,Social Sciences,4,Unemployed,0.0,0.0,No,450.0,950,100.0,25
46,22,Male,STEM,3,Part-time,1220.0,710.0,No,450.0,710,410.0,5725
938,22,Female,Business,4,Part-time,1130.0,670.0,Yes,60.0,230,460.0,3725
158,20,Male,Arts & Humanities,3,Part-time,1140.0,480.0,No,650.0,1160,220.0,3350
940,21,Female,Arts & Humanities,3,Freelance,1970.0,250.0,No,0.0,1120,,825
172,19,Female,Business,1,Unemployed,440.0,0.0,Yes,160.0,280,60.0,75
17,20,Male,STEM,2,Part-time,840.0,500.0,Yes,0.0,290,300.0,1525
512,20,Female,Health Sciences,2,Part-time,830.0,680.0,Yes,0.0,210,460.0,1775
49,19,Female,Business,2,Part-time,920.0,520.0,Yes,170.0,330,330.0,4375
1006,21,Female,STEM,3,Part-time,1350.0,460.0,No,700.0,650,540.0,7950
869,21,Female,Business,4,Part-time,1160.0,620.0,Yes,180.0,260,840.0,450
516,19,Female,STEM,1,Freelance,2180.0,240.0,Yes,0.0,390,740.0,1400
713,20,Female,Social Sciences,2,Part-time,1000.0,610.0,No,225.0,1450,40.0,275
481,20,Female,Arts & Humanities,3,Part-time,1060.0,480.0,No,450.0,1040,120.0,2700
284,18,Male,Arts & Humanities,1,Part-time,1070.0,420.0,Yes,0.0,300,370.0,1525
746,23,Male,Business,4,Unemployed,800.0,0.0,Yes,40.0,340,100.0,375
680,22,Female,Business,4,Part-time,900.0,520.0,Yes,50.0,180,520.0,1675
226,19,Male,STEM,1,Full-time,2240.0,2240.0,No,400.0,1310,1150.0,3975
27,19,Male,STEM,1,Unemployed,710.0,0.0,No,250.0,660,90.0,350
810,19,Female,Business,1,Part-time,940.0,520.0,Yes,70.0,480,150.0,2025
438,21,Female,Arts & Humanities,4,Unemployed,690.0,0.0,No,600.0,890,70.0,325
983,19,Male,STEM,1,Part-time,1260.0,660.0,No,525.0,950,510.0,2925
365,22,Female,Business,4,Part-time,1110.0,490.0,No,150.0,830,80.0,3450
230,21,Female,STEM,3,Part-time,940.0,610.0,Yes,150.0,380,300.0,3575
38,18,Male,Social Sciences,1,Part-time,810.0,480.0,Yes,170.0,490,220.0,12175
1000,20,Male,STEM,2,Part-time,1170.0,710.0,Yes,60.0,180,560.0,4150
375,18,Female,STEM,1,Part-time,1290.0,480.0,No,300.0,850,140.0,2625
470,22,Female,Arts & Humanities,4,Freelance,1340.0,190.0,No,750.0,1030,250.0,8075
1002,20,Female,Arts & Humanities,2,Part-time,910.0,560.0,No,150.0,1260,80.0,0
917,20,Male,Business,2,Unemployed,730.0,0.0,Yes,30.0,240,100.0,1950
731,18,Female,Arts & Humanities,1,Part-time,1000.0,500.0,No,425.0,460,400.0,3650
753,20,Female,STEM,3,Part-time,1140.0,510.0,No,425.0,850,230.0,3600
195,20,Female,Arts & Humanities,2,Part-time,990.0,690.0,No,775.0,1210,240.0,2475
883,19,Male,STEM,1,Part-time,1120.0,600.0,No,400.0,1070,60.0,1600
893,22,Female,Arts & Humanities,4,Full-time,2090.0,2090.0,No,100.0,1390,,8950
504,22,Male,STEM,4,Part-time,1250.0,710.0,No,150.0,1020,80.0,2150
1004,27,Male,Health Sciences,3,Full-time,2090.0,2090.0,Yes,30.0,170,1110.0,26450
859,21,Female,Arts & Humanities,3,Part-time,950.0,440.0,No,575.0,700,320.0,4700
580,20,Male,STEM,1,Unemployed,500.0,0.0,Yes,50.0,380,70.0,25
1003,22,Male,Health Sciences,4,Full-time,2030.0,2030.0,No,375.0,1390,470.0,10750
681,21,Female,Social Sciences,4,Part-time,1050.0,640.0,No,325.0,970,150.0,1700
163,20,Male,Business,3,Part-time,,650.0,No,700.0,1030,420.0,3350
729,20,Female,STEM,1,Unemployed,0.0,0.0,No,450.0,1420,30.0,100
153,19,Male,STEM,1,Part-time,910.0,590.0,No,575.0,800,210.0,2675
708,28,Male,STEM,4,Unemployed,680.0,0.0,Yes,50.0,310,60.0,1850
925,20,Female,STEM,2,Part-time,980.0,440.0,No,175.0,1030,90.0,425
988,19,Female,Arts & Humanities,2,Unemployed,780.0,0.0,Yes,0.0,150,120.0,1450
112,20,Male,Business,1,Part-time,1190.0,570.0,Yes,0.0,280,280.0,2300
227,27,Male,Business,4,Freelance,1320.0,0.0,Yes,50.0,260,250.0,5925
715,19,Male,STEM,2,Unemployed,0.0,0.0,No,500.0,380,60.0,2450
104,20,Male,STEM,2,Unemployed,400.0,0.0,Yes,0.0,360,100.0,225
422,22,Female,Business,3,Part-time,890.0,530.0,No,0.0,1110,60.0,575
420,21,Female,Business,3,Full-time,2350.0,2030.0,No,725.0,890,1290.0,10675
778,22,Female,Health Sciences,3,Freelance,1860.0,100.0,Yes,0.0,320,500.0,2450
587,19,Male,STEM,1,Freelance,1410.0,230.0,No,250.0,1010,60.0,2625
808,25,Female,STEM,4,Part-time,1040.0,660.0,No,125.0,960,70.0,600
673,19,Male,STEM,1,Unemployed,0.0,0.0,Yes,140.0,350,50.0,100
120,19,Male,Arts & Humanities,2,Full-time,2370.0,2040.0,Yes,0.0,490,770.0,14575
54,21,Female,Social Sciences,4,Unemployed,0.0,0.0,Yes,50.0,190,50.0,75
152,19,Female,STEM,1,Unemployed,830.0,0.0,Yes,50.0,330,80.0,775
404,23,Female,Health Sciences,4,Unemployed,0.0,0.0,No,175.0,1350,40.0,75
977,21,Female,Business,3,Part-time,1100.0,580.0,No,175.0,860,90.0,3200
208,21,Female,Social Sciences,3,Freelance,1390.0,70.0,Yes,0.0,330,250.0,1950
659,21,Female,Health Sciences,3,Full-time,2010.0,1770.0,Yes,0.0,450,1330.0,3275
946,18,Male,STEM,1,Part-time,920.0,500.0,No,0.0,1650,50.0,150
790,25,Female,Business,4,Part-time,850.0,690.0,No,600.0,820,300.0,7550
9,21,Female,Health Sciences,3,Unemployed,0.0,0.0,No,200.0,1540,80.0,300
836,19,Female,Business,2,Part-time,1240.0,560.0,No,800.0,300,930.0,6775
37,21,Female,Health sciences,2,Unemployed,0.0,0.0,Yes,160.0,320,100.0,50
453,19,Male,STEM,2,Part-time,1220.0,430.0,No,550.0,1170,140.0,1650
652,21,Male,Business,2,Part-time,1100.0,510.0,Yes,90.0,310,470.0,1575
254,19,Female,Business,2,Full-time,2160.0,1860.0,No,250.0,1090,860.0,3875
304,22,Male,Business,3,Part-time,1040.0,560.0,No,575.0,870,200.0,5650
774,20,Male,Arts & Humanities,2,Part-time,890.0,610.0,Yes,0.0,200,360.0,3425
572,21,Male,Health Sciences,3,Full-time,1960.0,1960.0,No,825.0,800,1020.0,12775
624,19,Male,Arts & Humanities,2,Part-time,880.0,420.0,No,225.0,730,80.0,1375
737,20,Female,Arts & Humanities,2,Freelance,1700.0,100.0,No,575.0,1260,140.0,3850
747,21,Female,Health Sciences,2,Part-time,910.0,460.0,No,825.0,750,450.0,2900
263,19,Male,Arts & Humanities,1,Unemployed,790.0,0.0,Yes,30.0,300,80.0,100
611,19,Male,STEM,1,Full-time,2690.0,2690.0,No,125.0,1590,430.0,8275
298,20,Male,Business,1,Freelance,1840.0,370.0,Yes,0.0,310,510.0,3375
415,21,Female,STEM,3,Freelance,1140.0,250.0,No,425.0,1070,50.0,1675
151,22,Male,Social Sciences,4,Freelance,1790.0,250.0,No,475.0,1230,260.0,1300
929,27,Female,Business,3,Part-time,1340.0,730.0,No,500.0,730,520.0,6300
641,19,Male,Business,1,Unemployed,840.0,0.0,Yes,30.0,310,100.0,400
918,28,Male,STEM,4,Freelance,1820.0,,No,375.0,700,380.0,6350
551,20,Male,STEM,2,Unemployed,0.0,0.0,Yes,160.0,250,70.0,25
975,19,Female,STEM,1,Freelance,1140.0,330.0,No,675.0,1130,180.0,1300
489,21,Female,STEM,4,Unemployed,490.0,0.0,Yes,20.0,220,60.0,150
711,22,Female,Business,3,Unemployed,0.0,0.0,Yes,20.0,200,30.0,12925
148,21,Male,STEM,2,Part-time,1100.0,590.0,No,475.0,690,320.0,4475
147,22,Female,Business,3,Full-time,2420.0,2420.0,No,500.0,1390,940.0,6850
998,18,Male,Health Sciences,1,Freelance,1510.0,130.0,No,200.0,820,80.0,800
963,18,Female,Health Sciences,1,Unemployed,0.0,0.0,No,575.0,590,50.0,675
860,20,Female,Health Sciences,1,Part-time,1020.0,680.0,No,200.0,1100,90.0,17800
660,20,Female,Business,3,Part-time,990.0,670.0,No,425.0,1270,80.0,900
349,20,Female,Arts & Humanities,2,Freelance,1290.0,270.0,Yes,40.0,250,410.0,2300
464,21,Female,Business,3,Full-time,2530.0,2230.0,Yes,50.0,400,1170.0,13100
326,27,Female,STEM,3,Full-time,2220.0,2220.0,No,600.0,1410,740.0,12750
187,21,Male,STEM,4,Part-time,1190.0,460.0,Yes,110.0,260,470.0,6125
124,20,Female,STEM,1,Freelance,1310.0,360.0,No,425.0,1370,80.0,525
882,21,Male,Business,3,Full-time,2420.0,2420.0,Yes,0.0,360,1270.0,10800
609,20,Female,Business,2,Part-time,1240.0,630.0,No,425.0,910,250.0,5150
144,21,Female,Business,2,Freelance,1450.0,130.0,Yes,120.0,330,400.0,2750
993,18,Female,Arts & Humanities,1,Freelance,1680.0,290.0,Yes,160.0,240,370.0,2575
198,21,Female,Business,4,Part-time,930.0,740.0,Yes,40.0,220,560.0,2500
610,20,Female,Arts & Humanities,3,Freelance,1430.0,70.0,No,400.0,900,140.0,4425
280,21,Female,Arts & Humanities,3,Full-time,2380.0,2380.0,Yes,50.0,330,950.0,19850
294,19,Male,Health Sciences,2,Freelance,1340.0,20.0,Yes,120.0,320,350.0,2050
401,18,Female,Arts & Humanities,1,Part-time,930.0,520.0,No,725.0,960,280.0,2750
123,19,Female,Health Sciences,2,Unemployed,810.0,0.0,No,375.0,1190,40.0,75
184,21,Male,Arts & Humanities,4,Freelance,1750.0,340.0,Yes,40.0,310,620.0,5625
203,18,Male,Business,1,Part-time,1050.0,600.0,No,0.0,1490,50.0,475
439,20,Male,Business,3,Part-time,1250.0,590.0,No,0.0,1460,70.0,800
247,20,Male,Health Sciences,2,Full-time,2170.0,2170.0,No,125.0,920,820.0,8375
416,20,Male,Arts & Humanities,2,Unemployed,0.0,0.0,No,825.0,1140,40.0,325
804,21,Male,STEM,3,Part-time,1180.0,540.0,Yes,40.0,310,320.0,4400
793,21,Female,Business,2,Part-time,1040.0,460.0,Yes,100.0,310,360.0,2200
935,20,Male,STEM,1,Full-time,2590.0,2590.0,Yes,90.0,400,1660.0,4050
826,22,Male,Health Sciences,4,Part-time,880.0,550.0,No,0.0,870,50.0,750
916,21,Male,Social Sciences,2,Full-time,1960.0,1690.0,No,0.0,1040,460.0,3375
130,21,Male,Arts & Humanities,2,Unemployed,0.0,0.0,No,450.0,920,50.0,150
638,19,Male,STEM,1,Part-time,1100.0,720.0,No,350.0,1100,80.0,1050
403,20,Male,STEM,2,Unemployed,0.0,0.0,Yes,170.0,280,40.0,0
812,23,Male,Health Sciences,4,Unemployed,710.0,0.0,Yes,0.0,190,100.0,1025
821,23,Female,Social Sciences,4,Freelance,1780.0,380.0,No,275.0,860,420.0,2925
736,21,Male,STEM,4,Part-time,970.0,680.0,Yes,50.0,300,400.0,5125
942,20,Male,STEM,2,Part-time,1170.0,510.0,Yes,70.0,360,310.0,3700
220,22,Male,Business,4,Part-time,1080.0,510.0,No,775.0,1100,280.0,3450
642,20,Female,Arts & Humanities,2,Part-time,950.0,400.0,Yes,40.0,260,320.0,2675
944,22,Male,Business,4,Freelance,1260.0,110.0,No,625.0,1270,60.0,550
880,20,Male,Business,1,Freelance,1250.0,150.0,No,500.0,1130,80.0,50
835,20,Female,Social Sciences,2,Full-time,2080.0,1790.0,No,725.0,1130,820.0,12175
949,22,Female,Business,4,Part-time,1240.0,660.0,Yes,0.0,230,520.0,4550
625,22,Female,STEM,3,Part-time,1280.0,510.0,No,225.0,740,200.0,4200
867,19,Male,Arts & Humanities,1,Full-time,2160.0,2160.0,No,50.0,890,570.0,4300
788,20,Male,Business,2,Full-time,2650.0,2430.0,No,75.0,1240,770.0,7575
387,19,Female,Social Sciences,2,Freelance,1130.0,190.0,No,300.0,730,120.0,700
1007,20,Female,Business,3,Part-time,1010.0,460.0,No,75.0,900,40.0,575
510,21,Female,Arts & Humanities,3,Full-time,2190.0,1980.0,No,800.0,1380,1170.0,11250
268,21,Female,STEM,3,Part-time,1060.0,490.0,No,650.0,730,530.0,4250
848,21,Male,STEM,4,Freelance,1210.0,30.0,No,475.0,1150,50.0,11850
442,21,Male,Arts & Humanities,4,Part-time,860.0,580.0,Yes,0.0,430,210.0,925
497,20,Female,STEM,3,Part-time,940.0,730.0,No,800.0,1170,210.0,3975
113,21,Female,STEM,4,Freelance,1170.0,140.0,No,0.0,990,50.0,50
692,19,Female,Arts & Humanities,2,Part-time,920.0,450.0,No,500.0,1140,60.0,850
233,21,Female,Business,3,Freelance,1730.0,170.0,Yes,0.0,400,400.0,2725
961,19,Female,Arts & Humanities,1,Freelance,1780.0,210.0,No,450.0,610,860.0,400
608,19,Female,STEM,2,Part-time,1150.0,670.0,Yes,0.0,340,440.0,875
672,22,Female,Arts & Humanities,4,Part-time,810.0,620.0,No,,760,250.0,6625
374,26,Male,Business,3,Freelance,1360.0,240.0,Yes,40.0,390,280.0,5100
1016,22,Male,Health Sciences,4,Full-time,1950.0,1750.0,No,550.0,1230,480.0,9375
871,20,Female,Arts & Humanities,2,Full-time,2400.0,2240.0,No,775.0,880,980.0,16825
234,20,Female,STEM,2,Unemployed,520.0,0.0,Yes,0.0,210,50.0,125
906,23,Male,STEM,4,Part-time,1070.0,630.0,Yes,0.0,410,190.0,3425
677,19,Female,Business,1,Freelance,1850.0,390.0,No,100.0,1200,50.0,1425
318,20,Female,Business,1,Part-time,1270.0,610.0,No,475.0,1450,70.0,475
649,21,Female,Arts & Humanities,3,Part-time,880.0,550.0,No,300.0,1400,70.0,300
411,20,Male,STEM,2,Freelance,1610.0,20.0,Yes,0.0,280,240.0,5025
927,20,Male,Business,1,Unemployed,0.0,0.0,Yes,30.0,300,90.0,175
710,22,Female,Health Sciences,3,Freelance,1950.0,290.0,Yes,0.0,290,750.0,3250
359,23,Female,Business,4,Part-time,1300.0,560.0,Yes,0.0,270,420.0,6725
259,20,Male,Social Sciences,3,Full-time,2090.0,2090.0,No,700.0,1150,1470.0,6725
745,19,Female,STEM,1,Freelance,,300.0,No,650.0,1240,100.0,1150
628,21,Male,Business,3,Part-time,980.0,590.0,No,600.0,1500,40.0,225
633,20,Male,Social Sciences,2,Part-time,830.0,470.0,No,0.0,1470,100.0,300
283,20,Female,Health Sciences,2,Part-time,970.0,520.0,No,0.0,720,70.0,250
377,22,Female,Arts & Humanities,4,Unemployed,490.0,0.0,Yes,0.0,400,50.0,100
385,21,Male,STEM,3,Freelance,1540.0,60.0,No,400.0,1210,80.0,1825
225,18,Female,STEM,1,Part-time,1170.0,600.0,No,500.0,820,290.0,3250
987,21,Male,STEM,3,Full-time,2160.0,1870.0,Yes,110.0,240,1350.0,14375
843,19,Male,Arts & Humanities,1,Part-time,1120.0,610.0,No,250.0,1070,60.0,575
473,18,Male,Arts & Humanities,1,Freelance,1930.0,370.0,No,250.0,950,200.0,5000
348,19,Female,Social Sciences,1,Part-time,1090.0,640.0,Yes,0.0,400,240.0,875
506,20,Female,STEM,1,Freelance,1460.0,330.0,No,175.0,940,60.0,2475
640,19,Female,STEM,2,Part-time,1300.0,770.0,No,575.0,1180,280.0,3750
1022,20,Male,Business,2,Unemployed,0.0,0.0,Yes,60.0,290,90.0,100
798,22,Female,STEM,3,Part-time,1290.0,490.0,No,650.0,770,390.0,4225
960,22,Female,STEM,3,Unemployed,0.0,0.0,Yes,60.0,360,80.0,75
934,20,Male,STEM,2,Freelance,1670.0,10.0,No,825.0,580,440.0,7725
620,25,Male,Arts & Humanities,3,Part-time,820.0,700.0,No,475.0,1480,70.0,100
884,19,Male,Arts & Humanities,1,Unemployed,0.0,0.0,Yes,100.0,330,50.0,75
979,19,Female,Social Sciences,2,Part-time,1140.0,660.0,Yes,100.0,200,580.0,3350
646,21,Female,Health Sciences,4,Unemployed,0.0,0.0,No,200.0,1230,,75
875,18,Female,Arts & Humanities,1,Part-time,1100.0,680.0,No,225.0,930,90.0,1025
557,18,Male,Arts & Humanities,1,Freelance,1690.0,320.0,No,400.0,970,330.0,2050
992,20,Female,Arts & Humanities,3,Freelance,1540.0,40.0,No,300.0,1190,40.0,400
578,23,Female,Arts & Humanities,4,Freelance,1630.0,100.0,No,575.0,790,300.0,8775
796,22,Male,Arts & humanities,4,Unemployed,0.0,0.0,Yes,80.0,400,70.0,25
86,21,Female,Business,2,Unemployed,810.0,0.0,Yes,170.0,500,80.0,25
243,23,Male,Arts & Humanities,4,Part-time,1120.0,700.0,No,275.0,840,280.0,1725
699,18,Male,Health Sciences,1,Freelance,1070.0,180.0,No,475.0,1080,60.0,1550
160,21,Male,Health Sciences,3,Full-time,2380.0,2380.0,No,50.0,810,1030.0,9225
525,22,Female,STEM,4,Freelance,1910.0,240.0,No,450.0,1140,200.0,4450
36,25,Female,Social Sciences,4,Freelance,1130.0,190.0,No,0.0,1260,70.0,975
541,23,Male,STEM,4,Part-time,980.0,710.0,No,150.0,920,50.0,2375
171,20,Female,Arts & Humanities,3,Full-time,2250.0,2010.0,Yes,30.0,440,1200.0,9750
655,19,Male,Arts & Humanities,2,Full-time,2250.0,2250.0,No,275.0,1020,870.0,6475
919,22,Female,Arts & Humanities,3,Part-time,800.0,630.0,Yes,0.0,260,230.0,3375
886,18,Female,STEM,1,Part-time,880.0,740.0,Yes,170.0,250,480.0,2400
982,26,Female,Business,3,Part-time,870.0,720.0,No,500.0,780,320.0,4825
989,18,Male,Arts & Humanities,1,Full-time,2490.0,2490.0,No,475.0,1260,940.0,7925
734,20,Female,Arts & Humanities,2,Unemployed,790.0,0.0,No,475.0,1120,40.0,325
96,21,Male,STEM,2,Unemployed,0.0,0.0,Yes,150.0,250,80.0,50
564,19,Male,Health Sciences,1,Part-time,1040.0,560.0,No,250.0,1330,80.0,400
241,21,Male,Social Sciences,4,Part-time,1180.0,500.0,No,450.0,790,220.0,6500
743,21,Female,Social Sciences,3,Freelance,1390.0,130.0,No,0.0,520,140.0,2425
575,21,Female,Business,4,Part-time,1120.0,760.0,Yes,,330,430.0,7025
691,19,Male,Arts & Humanities,2,Part-time,840.0,580.0,Yes,0.0,440,240.0,1075
461,19,Female,Health Sciences,1,Part-time,1040.0,480.0,No,375.0,790,130.0,3775
554,21,Male,STEM,3,Part-time,1150.0,760.0,No,450.0,1000,270.0,3675
907,22,Female,Business,4,Part-time,840.0,500.0,Yes,130.0,400,380.0,1300
207,19,Male,Arts & Humanities,1,Part-time,1100.0,570.0,Yes,0.0,170,360.0,2175
393,19,Male,Business,2,Unemployed,,0.0,Yes,,350,60.0,175
795,20,Female,Arts & Humanities,1,Part-time,840.0,550.0,No,0.0,790,50.0,550
398,20,Male,Arts & Humanities,2,Freelance,1990.0,50.0,No,300.0,980,230.0,3950
767,21,Male,STEM,3,Part-time,970.0,680.0,No,200.0,890,70.0,2000
877,26,Male,STEM,3,Part-time,1020.0,530.0,No,750.0,980,320.0,4175
218,21,Male,STEM,3,Freelance,2220.0,230.0,No,475.0,1280,360.0,1850
5,19,Female,Business,1,Freelance,1430.0,170.0,Yes,70.0,340,440.0,2900
769,21,Male,STEM,2,Part-time,1030.0,700.0,No,175.0,930,70.0,1000
643,19,Female,Arts & Humanities,1,Part-time,800.0,540.0,No,800.0,860,230.0,3375
926,20,Female,STEM,1,Freelance,1360.0,70.0,No,775.0,950,350.0,4200
613,21,Female,Business,3,Part-time,1240.0,600.0,Yes,180.0,380,210.0,7675
739,19,Female,Business,2,Unemployed,0.0,0.0,Yes,70.0,300,30.0,200
547,19,Male,Health Sciences,1,Part-time,1080.0,620.0,No,0.0,1030,60.0,150
726,26,Female,Business,4,Full-time,2730.0,2730.0,No,775.0,1090,1770.0,21075
684,21,Female,Social Sciences,3,Unemployed,0.0,0.0,Yes,50.0,510,60.0,200
99,20,Male,Business,1,Freelance,1400.0,320.0,Yes,0.0,280,370.0,1850
805,20,Male,STEM,2,Full-time,2300.0,2060.0,No,425.0,1070,990.0,8750
728,20,Male,Arts & Humanities,3,Full-time,2210.0,2210.0,No,150.0,1310,440.0,10850
574,20,Male,Social Sciences,3,Full-time,2100.0,1930.0,No,300.0,810,820.0,31325
407,20,Male,Health Sciences,2,Part-time,1170.0,410.0,No,725.0,1150,300.0,1425
503,20,Male,Business,2,Unemployed,0.0,0.0,Yes,0.0,180,100.0,100
48,20,Female,Arts & Humanities,2,Part-time,890.0,480.0,No,550.0,840,370.0,2625
33,18,Male,Business,1,Unemployed,0.0,0.0,No,625.0,450,120.0,1675
780,22,Female,Arts & Humanities,3,Freelance,1500.0,90.0,No,275.0,710,240.0,8975
840,21,Male,STEM,3,Full-time,2490.0,2490.0,No,525.0,850,820.0,16275
201,21,Female,Arts & Humanities,3,Part-time,820.0,450.0,Yes,110.0,300,320.0,2050
135,22,Male,STEM,4,Part-time,1010.0,660.0,Yes,40.0,350,180.0,9500
28,21,Female,Business,2,Part-time,1050.0,600.0,Yes,170.0,190,520.0,2950
909,18,Female,Business,1,Part-time,1230.0,420.0,No,850.0,880,580.0,2375
231,21,Male,Health Sciences,3,Full-time,1940.0,1830.0,Yes,50.0,450,850.0,13225
490,21,Female,Health Sciences,4,Full-time,2090.0,1830.0,No,125.0,950,650.0,9825
773,20,Female,STEM,1,Part-time,1240.0,700.0,Yes,0.0,390,570.0,1675
379,22,Male,Business,4,Part-time,1150.0,600.0,Yes,0.0,360,,5525
289,20,Male,Social Sciences,2,Unemployed,0.0,0.0,Yes,60.0,370,80.0,125
419,21,Female,STEM,3,Part-time,1080.0,640.0,No,400.0,750,250.0,4200
675,20,Female,STEM,2,Unemployed,0.0,0.0,Yes,160.0,370,80.0,250
392,20,Male,Social Sciences,2,Unemployed,520.0,0.0,No,375.0,1150,80.0,675
593,20,Female,Health Sciences,1,Part-time,970.0,680.0,Yes,0.0,230,430.0,3225
499,22,Female,Social Sciences,4,Full-time,2200.0,2200.0,No,500.0,700,1010.0,19600
139,21,Female,Arts & Humanities,2,Part-time,1070.0,480.0,No,475.0,810,250.0,4350
63,23,Female,Arts & Humanities,4,Part-time,1010.0,640.0,Yes,70.0,290,520.0,3800
472,22,Female,Business,4,Full-time,2650.0,2650.0,No,150.0,1170,1270.0,12075
648,26,Male,Arts & Humanities,3,Freelance,1230.0,210.0,Yes,0.0,320,230.0,5900
129,18,Female,Business,1,Freelance,1210.0,30.0,Yes,0.0,200,290.0,2025
1011,19,Female,Arts & Humanities,1,Part-time,1070.0,600.0,Yes,90.0,210,600.0,2050
521,21,Female,STEM,3,Freelance,1590.0,440.0,Yes,50.0,280,530.0,6350
839,20,Male,Health Sciences,3,Full-time,1930.0,1930.0,No,0.0,810,710.0,9550
997,22,Female,STEM,4,Part-time,990.0,540.0,No,525.0,1160,70.0,1650
65,20,Female,Arts & Humanities,2,Freelance,1110.0,320.0,No,100.0,980,90.0,150
813,18,Female,Arts & Humanities,1,Part-time,810.0,480.0,Yes,0.0,450,100.0,1425
15,20,Female,Arts & Humanities,1,Part-time,1000.0,660.0,Yes,30.0,370,340.0,3575
157,21,Female,STEM,3,Part-time,1100.0,550.0,No,625.0,1140,220.0,2600
41,20,Male,Health Sciences,1,Part-time,860.0,680.0,No,375.0,580,420.0,3025
493,18,Female,Business,1,Part-time,1150.0,740.0,No,725.0,1160,280.0,3150
380,19,Female,STEM,2,Unemployed,0.0,0.0,Yes,60.0,370,80.0,100
188,20,Female,Health Sciences,2,Part-time,1160.0,660.0,No,750.0,1270,280.0,2850
764,21,Female,Business,3,Part-time,1120.0,750.0,No,450.0,820,380.0,2225
217,19,Male,STEM,2,Part-time,1160.0,600.0,Yes,80.0,210,560.0,2400
792,20,Male,Business,3,Unemployed,810.0,0.0,No,0.0,610,80.0,150
53,25,Female,STEM,4,Part-time,1200.0,520.0,Yes,170.0,350,400.0,8325
879,19,Female,Business,1,Full-time,2410.0,2150.0,No,825.0,1200,650.0,6975
338,22,Female,Health Sciences,3,Full-time,2010.0,1770.0,No,0.0,790,640.0,10775
749,22,Male,STEM,4,Part-time,880.0,600.0,Yes,40.0,320,330.0,1675
720,25,Male,Business,3,Full-time,2050.0,2050.0,No,700.0,890,1040.0,21150
725,21,Female,Health Sciences,3,Full-time,1990.0,1990.0,Yes,30.0,380,1320.0,6575
296,20,Female,Arts & Humanities,2,Freelance,1220.0,190.0,Yes,160.0,260,370.0,3800
702,18,Female,STEM,1,Full-time,2420.0,2160.0,No,725.0,1240,1070.0,19025
252,20,Female,Health Sciences,2,Part-time,1170.0,620.0,No,400.0,730,340.0,2975
727,19,Male,STEM,1,Part-time,1030.0,700.0,No,,890,160.0,1500
462,25,Female,Social Sciences,3,Part-time,,530.0,Yes,170.0,260,390.0,6675
456,20,Female,Arts & Humanities,2,Unemployed,0.0,0.0,No,325.0,850,60.0,50
271,22,Female,Health Sciences,4,Part-time,1070.0,590.0,Yes,0.0,440,280.0,3400
816,20,Female,STEM,2,Full-time,2680.0,2330.0,Yes,80.0,230,1720.0,8300
863,19,Female,Social Sciences,2,Freelance,1910.0,40.0,Yes,170.0,210,580.0,3175
270,20,Female,Business,2,Part-time,1030.0,670.0,No,475.0,920,300.0,2425
202,19,Female,Health Sciences,1,Full-time,2390.0,2390.0,No,,1150,610.0,5775
162,25,Male,Health Sciences,3,Part-time,1130.0,400.0,Yes,0.0,180,,2925
556,19,Female,STEM,2,Part-time,950.0,630.0,No,575.0,650,640.0,2925
730,19,Female,STEM,1,Part-time,990.0,560.0,No,775.0,1500,50.0,1600
402,23,Male,Arts & Humanities,4,Part-time,900.0,500.0,Yes,40.0,310,300.0,1975
703,21,Male,Health Sciences,2,Unemployed,0.0,0.0,No,375.0,960,90.0,175
477,19,Female,Business,1,Freelance,1430.0,160.0,No,175.0,930,40.0,1625
822,19,Female,Business,1,Unemployed,0.0,0.0,Yes,50.0,220,90.0,25
772,21,Female,STEM,4,Part-time,990.0,690.0,No,,810,320.0,2825
106,18,Male,Business,1,Part-time,1020.0,720.0,No,700.0,940,440.0,2400
566,22,Female,Health Sciences,3,Unemployed,0.0,0.0,Yes,0.0,200,90.0,75
390,22,Male,Arts & Humanities,4,Freelance,1840.0,170.0,No,0.0,1450,50.0,300
2,23,Male,Social Sciences,4,Part-time,980.0,560.0,No,800.0,760,410.0,8125
969,21,Male,Arts & Humanities,3,Full-time,2270.0,2270.0,No,375.0,1310,620.0,10025
1017,19,Female,Business,1,Part-time,1260.0,570.0,Yes,180.0,430,540.0,3625
562,18,Female,Health Sciences,1,Part-time,1160.0,650.0,No,250.0,1130,70.0,625
932,21,Male,Arts & Humanities,4,Part-time,820.0,690.0,Yes,140.0,320,340.0,4925
81,21,Male,Arts & Humanities,4,Part-time,1090.0,610.0,No,850.0,1050,510.0,5850
206,19,Female,Social Sciences,1,Unemployed,0.0,0.0,Yes,80.0,220,,25
35,21,Female,Business,4,Freelance,1980.0,130.0,No,600.0,1250,230.0,4425
943,21,Male,Social Sciences,3,Part-time,900.0,550.0,Yes,110.0,250,360.0,4775
776,19,Female,Arts & Humanities,1,Unemployed,670.0,0.0,Yes,,430,70.0,150
509,22,Male,Business,4,Freelance,1590.0,30.0,No,375.0,1130,60.0,21400
428,22,Male,Arts & Humanities,4,Full-time,2060.0,1960.0,No,475.0,1380,630.0,8875
455,20,Female,Business,1,Part-time,,650.0,No,425.0,900,300.0,925
1005,22,Female,Arts & Humanities,4,Part-time,1190.0,450.0,No,75.0,970,90.0,475
367,22,Male,Arts & Humanities,4,Freelance,1960.0,340.0,No,550.0,1410,230.0,1250
92,20,Male,STEM,3,Full-time,2650.0,2350.0,No,525.0,990,1110.0,16875
340,20,Female,STEM,1,Part-time,940.0,570.0,No,425.0,1130,60.0,775
898,22,Female,Business,4,Freelance,1600.0,100.0,No,50.0,1050,30.0,600
565,20,Male,Business,2,Full-time,2630.0,2340.0,No,225.0,1410,900.0,4400
346,21,Female,Social Sciences,3,Part-time,910.0,550.0,No,800.0,1180,290.0,2125
777,18,Female,Business,1,Full-time,2420.0,2420.0,Yes,110.0,350,1290.0,5325
242,22,Male,STEM,4,Part-time,1330.0,550.0,Yes,130.0,350,500.0,5475
14,19,Male,Social Sciences,1,Full-time,2380.0,2380.0,No,525.0,360,1550.0,8050
316,27,Female,STEM,3,Part-time,1200.0,520.0,No,0.0,970,50.0,300
601,19,Female,STEM,1,Freelance,1340.0,210.0,No,625.0,1150,160.0,1300
388,19,Male,Arts & Humanities,1,Part-time,1110.0,480.0,Yes,0.0,340,340.0,2250
274,21,Male,STEM,4,Full-time,2150.0,1920.0,No,575.0,1260,780.0,13275
167,19,Male,Arts & Humanities,2,Unemployed,0.0,0.0,Yes,0.0,360,40.0,75
841,20,Male,Business,1,Full-time,2320.0,2320.0,No,450.0,720,1550.0,4375
21,22,Female,Business,3,Freelance,2050.0,110.0,No,675.0,1200,430.0,3325
647,21,Male,STEM,3,Freelance,1260.0,180.0,Yes,60.0,290,,3625
819,19,Male,Health Sciences,1,Part-time,1050.0,,Yes,120.0,220,600.0,1550
485,27,Female,Social Sciences,3,Part-time,940.0,610.0,No,150.0,1150,90.0,100
1015,22,Female,STEM,3,Unemployed,0.0,0.0,Yes,0.0,270,90.0,125
505,21,Male,STEM,3,Part-time,990.0,560.0,No,0.0,1250,80.0,75
832,20,Male,Arts & Humanities,2,Part-time,810.0,670.0,Yes,50.0,210,320.0,3500
244,19,Female,Business,2,Part-time,1050.0,600.0,No,650.0,960,370.0,4075
567,20,Male,Business,2,Unemployed,0.0,0.0,Yes,0.0,250,50.0,250
876,19,Female,Business,1,Unemployed,410.0,0.0,Yes,30.0,270,80.0,150
563,20,Female,Arts & Humanities,1,Part-time,850.0,430.0,Yes,80.0,310,260.0,1400
986,21,Female,STEM,2,Unemployed,590.0,0.0,No,650.0,1530,100.0,175
687,20,Male,Health Sciences,3,Freelance,1650.0,190.0,No,425.0,910,270.0,4225
958,19,Female,STEM,1,Unemployed,0.0,0.0,Yes,60.0,310,70.0,0
190,20,Female,Health Sciences,1,Part-time,1100.0,590.0,No,650.0,1080,280.0,1950
783,20,Female,STEM,1,Part-time,1230.0,500.0,No,125.0,1480,80.0,225
976,18,Male,Business,1,Part-time,1150.0,680.0,Yes,120.0,130,750.0,2950
700,20,Female,Health Sciences,2,Freelance,1890.0,40.0,Yes,60.0,250,610.0,2925
476,23,Male,STEM,4,Part-time,1110.0,590.0,No,825.0,600,800.0,4475
682,18,Female,STEM,1,Freelance,1850.0,0.0,No,0.0,780,80.0,3050
511,22,Male,Health Sciences,3,Full-time,2420.0,2420.0,No,750.0,950,2110.0,4050
59,19,Male,Arts & Humanities,1,Freelance,1890.0,200.0,No,75.0,1500,100.0,1000
475,19,Female,Health Sciences,2,Part-time,1050.0,500.0,No,500.0,1170,100.0,1350
561,21,Female,Arts & Humanities,3,Full-time,2100.0,2100.0,No,0.0,1370,460.0,4200
857,20,Female,Arts & Humanities,1,Unemployed,0.0,0.0,Yes,140.0,150,90.0,400
748,21,Male,Health Sciences,2,Full-time,2460.0,2460.0,No,800.0,640,1750.0,11600
253,22,Male,Business,4,Part-time,,620.0,Yes,0.0,310,330.0,3975
22,18,Female,Social Sciences,1,Part-time,1140.0,660.0,No,0.0,1530,70.0,50
314,23,Male,STEM,4,Full-time,2170.0,1900.0,Yes,130.0,400,1180.0,10200
460,19,Female,Business,1,Part-time,920.0,480.0,Yes,0.0,250,440.0,1125
161,20,Female,STEM,2,Part-time,1180.0,430.0,No,775.0,1290,150.0,2375
277,20,Male,STEM,3,Unemployed,0.0,0.0,No,100.0,820,70.0,125
956,19,Female,Business,2,Full-time,2120.0,2120.0,No,575.0,1110,910.0,6000
192,23,Male,Health Sciences,4,Full-time,2460.0,2460.0,No,0.0,1130,760.0,13800
386,22,Male,Business,4,Unemployed,0.0,0.0,Yes,60.0,300,40.0,75
806,22,Female,Business,3,Part-time,1320.0,570.0,Yes,130.0,360,610.0,2775
414,22,Male,Health Sciences,3,Full-time,2190.0,2190.0,No,50.0,1140,510.0,14500
492,20,Male,Business,3,Freelance,1470.0,240.0,No,725.0,820,430.0,4975
344,20,Male,STEM,2,Part-time,1130.0,740.0,No,50.0,820,160.0,25
770,23,Male,Business,4,Freelance,1650.0,180.0,No,0.0,980,60.0,850
309,21,Male,Arts & Humanities,3,Freelance,1990.0,40.0,Yes,30.0,260,740.0,900
662,21,Female,Health Sciences,4,Full-time,2330.0,2330.0,No,325.0,1070,1070.0,34500
131,20,Male,Business,2,Freelance,1240.0,100.0,No,750.0,1110,240.0,3075
664,19,Female,STEM,1,Full-time,2110.0,1950.0,No,100.0,1020,480.0,7550
872,18,Female,Health Sciences,1,Unemployed,540.0,,No,200.0,680,50.0,25
100,18,Male,Social Sciences,1,Unemployed,500.0,0.0,Yes,0.0,110,130.0,875
373,19,Male,STEM,1,Full-time,2270.0,2270.0,No,450.0,850,880.0,6575
88,22,Male,Health Sciences,3,Part-time,1150.0,660.0,No,100.0,880,70.0,2325
459,20,Female,Business,1,Freelance,1780.0,330.0,No,275.0,470,570.0,3375
331,20,Female,STEM,2,Part-time,1120.0,620.0,Yes,0.0,250,510.0,2675
215,20,Female,Social Sciences,3,Freelance,1090.0,380.0,Yes,0.0,310,270.0,5050
467,19,Female,STEM,2,Full-time,2440.0,2440.0,Yes,0.0,490,1970.0,1750
122,21,Male,STEM,4,Unemployed,0.0,0.0,Yes,50.0,160,60.0,100
861,21,Female,Arts & Humanities,3,Full-time,2130.0,1810.0,No,50.0,770,560.0,12425
